"Horodateur","Age","Etablissement","       Classe ","Commune de  domicile ","Combien d'heures consacrez-vous par semaine √† la r√©vision, apprentissage des math√©matiques?","Quel est votre rapport aux math√©matiques ? Sur une √©chelle de 1 √† 10 (du tr√®s mauvais √† un excellent rapport), √† combien auto-√©valuez-vous ?","Qu'est-ce qui peut faire √©voluer (ou qui a d√©j√† fait √©voluer) le rapport au savoir math√©matique ?","Combien d'heures consacrez-vous par semaine √† la r√©vision, apprentissage des autres sciences?","Combien d'heures consacrez-vous par semaine √† la r√©vision, apprentissage de la langue fran√ßaise?","Sur une √©chelle de 1 √† 10, donnez votre derni√®re moyenne de trimestre (note sur 10) en math√©matiques?","Vous parents ou tuteurs travaillent-ils? Que font-ils comme travail?","Recevez-vous des cours particuliers √† domicile?","Avez-vous √©prouv√© des difficult√©s d'apprentissage √† l‚Äôentr√©e en  classe de 6√®me (en seconde), maintenant ?  Si oui, dans quelles mati√®res et notions ? ","O√π avez-vous obtenu (allez-vous obtenir) votre Brevet ? ","D'apr√®s vous, qu'est-ce qu'il faut pour r√©ussir en math√©matiques ?","Y a-t-il eu des changements dans votre parcours depuis la 6√® du coll√®ge ? lesquels ? ","Quels sont vos projets actuels une fois le BAC obtenu ? Quelle sp√©cialit√©/option du BAC ?","Avez-vous des regrets concernant votre parcours ? Quelles mati√®res auriez-vous pr√©f√©r√© √©tudier davantage ? ","Selon vous, vos difficult√©s en sciences, en maths sont-elles li√©es √† l‚Äôutilisation de la langue ?","As-tu des exemples des notions et/ou des t√¢ches √† r√©aliser dont les consignes t‚Äôont √©t√© expliqu√©es par les camarades en langue maternelle ? ","Si oui, qu‚Äôest ce qui fait que tu comprennes encore mieux en langue maternelle (si possible avec des exemples)","Quelle est votre langue maternelle ?","Etes-vous n√© sur le territoire de Mayotte ? ","Avez-vous un acc√®s internet chez vous √† la maison ? Combien de devoirs faits n√©cessitaient une connexion ?","En quoi le mobilier de votre √©tablissement (chaises, bancs, am√©nagement des lieux pour travailler ou √©changer entre amis) influe ou pas sur votre r√©ussite ?","Quelle notion de math√©matiques retenez-vous aujourd‚Äôhui ? Qu‚Äôest ce qui fait que vous l‚Äôaimiez ou pas ? ","Expression libre sur l'apprentissage/enseignement de math√©matiques, d'informatique, de sciences.","","",""
"2022/04/05 8:35:45 AM UTC+3","16","LPO DES LUMIER","203","MAMOUDZOU","5h","","","28h","7h","7","non","non","non","College kaweni 1","non","non","aller a l'universit√©","l anglais","oui","oui","je sais pas","shimaore","oui","non","je sais pas","je sait pas","","Option 1","Option 1","Option 1"
"2022/04/05 8:38:46 AM UTC+3","16 ans","lyc√©e des lumi√®res kaw√©ni","203","koungou","2 heures","","","4 heures","2 heures","moyens","non","non","non","oui","non","oui","de  faire une BTS","fran√ßais  espanngnol et ecs","non","les fonctions affine et fonction linaire","en parlent","chimaor√©","oui","je sais pas","r√©sulta moyens","les fonction","","","Option 1","Option 1"
"2022/04/05 8:40:06 AM UTC+3","15","lyce√© de lumiers","203","koungou","2h","","","3h","4h","7","oui, je ne connais pas leurs proffesion","non","non","college majicavo","oui mathematique","non","de poursuivre encore mai etude ba specialite techno ","non rien","non","non","c de parler","le shimaore","oui","oui 2","oui","les fonction parceque je comprent mieux","","","","Option 1"
"2022/04/05 8:40:46 AM UTC+3","15","lyc√©e des Lumi√®res","203","KOUNGOU","2heures","","","1h30","2heures","8","non","non","oui, en math en fran√ßais et en histoires","oui avec mention tr√©s bien","non","oui une am√©lioration","devenir dentiste( g√©n√©rale scientifique)","les mati√®res scientifiques et litt√©raires","non","non","le ton employ√©","le shimaorais","non","non, peu ","la disponibilit√© des profs","la majorit√©","","Option 1","Option 1","Option 1"
"2022/04/05 8:43:21 AM UTC+3","15ans","lyc√©e des lumi√®re","203","koungou","1min","","","2h","1h","1","non","non","non","majicavo lamir","non","oui","devenir psychologue (SES ,SVT, histoire g√©opolitiques )","un peu francais","non","non","la fa√ßon d'expliquer","shimaor√©","oui","oui","le confort","RIEN","","","Option 1",""
"2022/04/05 8:44:10 AM UTC+3","16","lyc√©e des lumi√®res ","second 3","koungou","10 minute","","","1h","toute une apr√®s midi","4","vendeuse","non","math√©matique","coll√®ge majicavo","non","oui au niveau des langues","entr√© dans le monde de la m√©decine ","oui svt","non","non","rien","maor√©","oui a mamoudzou","oui plusieurs devoir","en rien","j'aime pas les math car j'ai pas de bon r√©sulta ","","Option 1","Option 1",""
"2022/04/05 8:44:40 AM UTC+3","17","lyce√© de lumier","203","mamoudzou97600","3H","","","3H","5H","3","NON","PAS TOUT LRS JOUR","OUI  MATHE","AU COLLEGE DE MAJICAVO 77","UN PEUT","OUI EN 4 eme","faire des truc pour la contabilit√©","non  les mathe","pas du tout","oui","notre mani√©r de parler","shimaore et shi comores (ngazidza)","oui ","non ","je sais pas","je sais pas","","","",""
"2022/04/05 8:49:02 AM UTC+3","16","LPO des Lumi√®res","203","Mamoudzou","9h","","","20h","4h","9","Peut etre","Non","Non","Au Coll√®ge de Kaweni 1","Non ","Oui, mon niveau ","Je ne sais pas","Physique/Chimie et  SVT","Non","Non","Je ne sais pas","Chimaor√©","Non","Oui","Je sais pas ","j'aime","","Option 1","Option 1","Option 1"
"2022/04/05 8:49:36 AM UTC+3","16","LPO DES  LUMIERS","203","KOUNGOU","5h","","","28h","7h","5","non","non","le math","college kaweni 2","un peu","non","avoir un m√©tier","oui","non","chimaore","chimaore","chimaore","oui","non","je sais pas","j''amai","","","Option 1","Option 1"
"2022/04/05 3:15:27 PM UTC+3","16","Lpo dembeni ","106","Mamoudzou ","0","","","0","0","6","Agent de s√©curit√© ","Non ","Non","Oui","Non ","Non","Je sais pas","Non ","Peut-√™tre ","Non ","C‚Äôest les exemples qui font que je comprends "," Chimaor√©","Oui","Oui plusieurs ","Chaises","Les chiffres ","","Option 1","Option 1",""
"2022/04/05 4:46:34 PM UTC+3","17 ans","lyc√©e de dembeni","103","Mamoudzou","1h par jour ce qui fait 7h par semaine .","","","10 √† 30 min par jour 210 min = 3h5min par semaine","2h par jour ce qui fait 14h par semaine","Je dirais 9.","Ma m√®re ne travaille pas et mon p√®re fait du ma√ßon.","Oui , moi je fais partie du GENIUS, la cordet X ,j'ai donc la chance d'avoir des cours particuliers sur les maths ,et physiques. Et c'est 1h par semaine ,chaque jeudi soir.","Non pas vraiment.","en 3eme au college.","Non non ,c'√©tait facile.","Je n'ai pas vu de changement ,√† pars le travaille r√©gulier.","je suis entrain d'y r√©fl√©chir car j'h√©site.","Non non.","Moi , c'est par rapport au r√©daction ,j'ai un peu du mal √† r√©diger en sciences. Surtout en maths.","Non non","Je n'en ai aucune id√©e.","Le chimaor√©.","oui.","oui j'ai acc√®s √† l'internet ,et je fais tous mes devoirs avec. Je fais beaucoup de recherches","Je suis une personne ,qui aime bien travailler en groupe et dans le silence. Et au lyc√©e, le CDI c'est l'endroit parfait pour bien se concentrer et travailler ,je passe beaucoup de mon temps au CDI.","Je pr√©f√®re les calcules mais je ne sais pas pourquoi je les aime ,peut-√™tre parce que je trouve que c'est facile.","","","","Option 1"
"2022/04/05 5:06:06 PM UTC+3","17ans ","Lpo de d√©mbeni ","1STI2D","Mamoudzou ","20 √† 30min ","","","30min ","30min mais pas tous les jours ","J'estime sur 5 ou plus si j'ai un bon prof","Non ils ne travaillent pas","Non ","Non pas du tout","Coll√®ge de passamainty","En 6√®me non en 2nd un peut","Oui ya eu des changement j'ai √©voluer en Fran√ßais ","BUT sur la gestion ","Oui j'ai pas pue avoir ce que j'avais choisie pour l'ann√©e de 1er","Je pense pas ","Non","Je","Le maor√© ","Oui","Oui j'ai une acc√®s internet,presque tous mes devoir ","Non ","Cette ann√©e c'est dure avec notre prof","","","",""
"2022/04/05 7:44:03 PM UTC+3","16","Lyc√©e des lumiers","203","Trevani","7h","","","8h","2h","9","Non","Non","Oui anglais et espagnol","coll√®ge de koungou","oui il est un peu","Non","R√©usir dans ma vie et avoir une bonne m√©tier","math ou francais","Nn","non","parceque je le connais","chimaor√©","non","non ","non","Pythagore","","","Option 1","Option 1"
"2022/04/05 8:04:28 PM UTC+3","16ans ","Lyc√©e de dembeni ","1STL","Chiconi ","3h","","","4h","3h ","5","Ma m√®re ne travaille pas mon p√®re oui. Il est menuiserir ","Non","Non","Au coll√®ge de chiconi","Seconde difficult√© en math√©matiques ","Non","Une fois le BAC obtenu j'aimerais continuer mes √©tudes en France pour faire un  BTS en biologie ","Non j'ai pas de regret. Mais j'aurai aimer √©tudier davantage les math√©matiques.","Non.","Non.","Quand on m'explique bien les choses.","Kibouchi ","Oui ","Oui.","RAS","Suite arithm√©tiques je l'aime pas parceque c'est difficile j'y arrives pas a le faire. ","","","",""
"2022/04/05 8:12:02 PM UTC+3","16","Lyc√©e des lumier","203","Tr√©vani","7h","","","8h","6h","9","non","Non","oui anglais ","Coll√®ge","Le second","oui les cours","R√©usire avoir un bon m√©tier pour on avenir","Maths ou fran√ßais","Non","non","comment les atultes parlent","chimaor√©","non","non","non","Les pythagores","","Option 1","Option 1","Option 1"
"2022/04/05 9:12:48 PM UTC+3","16 ans ","Lyc√©e Polyvalent de Demb√©ni","1er","M'tsangamouji ","30 minutes ","","","30 minutes ","30 minutes ","5","Poseur en canalisation(p√®re)","Non ","Non ","Oui ","Non","Non ","Faire un BTS de 2ans ","Non.","Non ","Oui ","C'est plus pratique vu qu'on le parle tout le temps ","Le kibushi","Oui ","Oui.","Non","f(x)=ax¬≤+bx+c. Oui ","","","",""
"2022/04/05 9:13:36 PM UTC+3","17 ans","Lyc√©e Dembeni","Premi√®re ","Dembeni ","4 heure environ ","","","4 heure aussi je dirais ","3heure","6","Non ils ne travaillent pas ","Non","Non","Au coll√®ge de ","Non","Non","Continuer dans tous qui est √©tudie de la science ","Non aucun","Non","Non","Le fait qu‚Äôon mais toujours parl√© dans cette langue depuis que je suis petite me permet de comprendre un peu mieux la langue ","Comorien, mahorais ","Oui","Oui, la plupart des devoirs n√©cessite une connexion","Si on est dans un environnement pas adapt√© on auras plus de mal √† se concentrer ","Delta, c‚Äôest facile √† faire ","","","",""
"2022/04/05 9:36:19 PM UTC+3","16ans","LPO DE DEMBENI","1re g√©n√©rale ","MAMOUDZOU","8H","","","6H","4H","7","Oui pour mon tuteur ( en tant que vendeur ) et non pour ma m√®re ( mais elle fait couturi√®re √† domicile ).","Non ","Oui . En math√©matique , tous les cours sur la g√©om√©trie . Mais aussi en SVT sur toutes les notions .","Au Coll√®ge De Kwal√© .","Non ","Non","Sp√©cialit√©s : math√©matiques et physique-chimie . Mon projet actuel une fois le Bac obtenu est de partir en m√©tropole pour faire des √©tudes de m√©decine .","J'ai pas de regrets concernant mon parcours . L'SVT  sur le corps humain et la sant√© .","Non","Oui"," Mon savoir .","Mahoraise ","Non ","Non , J'ai pas acc√®s √† un internet √† la maison . Je pense que tous les devoirs de chaque mati√®res fait n√©cessitaient une connexion . ","Aucun mobilier n'influe ma r√©ussite .","Je retiens aujourd'hui toutes les notions en math√©matique car cela me permet d'√™tre plus logique dans la vie , de me pr√©parer √† la pens√©e , de raisonner de mani√®re soign√©e et de plus de r√©soudre tous les probl√®mes li√©s sur les activit√©s de la vie quotidienne . Et c'est ce qui fait que je l'ai aiment autant .","","","",""
"2022/04/06 3:12:19 AM UTC+3","16 ans","Lpo de dembeni ","102","Ouangani","6h par semaine ","","","5h par semaine ","4h par semaine ","6 ","Mon p√®re : service civil , ma m√®re travaille pas ","Non ","Non ","Oui","Non","Ouiii en 6 eme j‚Äôai fait de l‚Äôallemand et j‚Äôai chang√© en 5 eme pour faire de l‚Äôanglais ","Je pr√©vois de passer le bac s avec les spe : SVT et PHYSIQUE CHIMIE apr√®s le bac je vais √† l‚Äôuniversit√© pour des √©tudes de sant√© ","Non je n‚Äôai pas de regret ","Non je pense plut√¥t aux notions ","Non ","Parceque j‚Äôai l‚Äôhabitude de parler en cette langue donc c‚Äôest facile de comprendre le propos ","Shimaor√© ","Oui","Non j‚Äôen ai pas, une dizaine ","Des fois je ne suis pas √† l‚Äôaise √† c√¥t√© de quelqu‚Äôun ou √† la place o√π je suis donc je suis pas concentr√© du coup je suit pas ","Une partie des √©quations vu en seconde parceque le prof expliquer bien et la trigonom√©trie car c‚Äôest le chapitre qu‚Äôon a fait il y‚Äôa √† peine une semaine ","","","",""
"2022/04/06 10:12:01 AM UTC+3","17 ans","Lyc√©e des Lumi√®res","Terminale G√©n√©rale ","Koungou","3 heures ","","","10 heures ","Toute la semaine ","5","Oui ils sont tout deux enseignants ","Non","Non","Mayotte ","Non","Non","J'envisage d'effectuer des √©tudes de m√©decine ","Oui je nais pas assez √©t√© inform√© au niveau de mon parcours je suis plus √† l'aise avec l'anglais ","Plus ou moins ","On ne m'a jamais expliquer en langue maternelle ","On ne m'a jamais expliquer en langue maternelle ","Shimahorais ","Oui","Oui mon enseignement est √† moiti√© bas√© sur la technologie ","C'est mieux j'arrive √† le concentrer c'est plus calme ","Fonctions","","","",""
"2022/04/06 7:11:09 PM UTC+3","17 ans","Lyc√©e polyvalent de Dembeni","1ere","Mamoudzou","Environ 20 minutes","","","Environ 20 minutes","Environ 1h","4","Mes responsables l√©gales ne travaille pas","Non","Non j'ai pas eu des difficult√©s en classe de 6eme","J'ai obtenu mon brevet au coll√®ge de Kwale (Tsounzou 1)","Oui en 6√®me au niveau de la langue fran√ßaise √ßa √©t√© un peu compliqu√©","Je ne pas une r√©ponse claire pour cette question concernant les changements des parcours , donc je ne sais pas exactement.","Une fois obtenu mon BAC j'aimerais faire des formations a fini de travailler","Je ne pas de regret concernant mon parcours","Non","Oui l'envie d'aide les autres quelques soit le m√©tier policier, docteur, Gendarme.....","Je ne sais pas trop pour les autres mais pour moi cela varie selon les crit√®res et les objets ","Je parle le Chi-mahore & Le Chi-Comores","Non je suis n√©e en Anjouan","Pour moi je l'habitude de travailler sur des ordinateurs du coup s√ªr une √©chelle de 1 √† 10 je suis √† 8 pour l'utilisation d'Internet","Je ne sais pas trop car je n'ai pas trop ","Je ne sais pas exactement","","Option 1","Option 1","Option 1"
"2022/04/06 8:49:04 PM UTC+3","17 ans","Lyc√©e des lumi√®res ","Terminale ","Koungou ","3h","","","6h","1h","8.50","Mon papa est chef adjoint de la police municipale ","Non ","Oui , en anglais ","Koungou Mayotte ","Non √ßa va ","Oui , j'ai voulue faire SES j'ai me retrouv√©e en physique chimie en 1 √®re ","Int√©gr√© l'universit√© de biologie , Svt et physique chimie ","Les math√©matiques ","Oui le fran√ßais est un peu complexe ","Non ","La pratique de tout les jours ","Le shimaor√© ","Oui","Oui , Tout les devoirs mdr ","Nous permet de d'entre aid√©.","J'aime les math√©matiques gr√¢ce √† l'argent j'aime beaucoup compt√© etc ","","","","Option 1"
"2022/04/08 7:47:16 AM UTC+3","17 ans","Lpo de dembeni ","105","MTSANGAMOUJI ","4h si je revise. ","","","3h","2h","8","Oui. Magasiner pour mon p√®re et ASH au CHM pour ma m√®re ","Non","Non ","College de mtsangamouji ","Un petit peu au debut . Mais il n'y a pas zut beaucoup ","Non","√âtude de m√©decine.  Physique math svt actuellement et Physique svt plus math compl√©mentaire en terminale ","Non. Aucune mati√®re","J'ai pas de difficult√©s particuli√®res ","Oui mais rarement. Je parle plus fran√ßais. ","Lorsqu'on √©voque une situation par rapport √† la religion.","Malgache(shibushi)","Oui","Ouii. Moins de la moiti√©. ","La disposition des meubles influe ma r√©ussite car je sais myope et que m√™me si on est devant. Des fois le tableau est trop loin . Je prends du retard. ","Statistiques, d√©riv√©, identit√© remarquable, la langues math√©matiques, suites, fonction polyn√¥me, etc. J'aime parce que je comprend avant tout et parce que j'aime les maths. Je suis moins emball√© par la g√©om√©trie , ni trigonom√©trie etc..","","Option 1","Option 1","Option 1"
"2022/04/10 4:53:26 PM UTC+3","19 ans ","Lyc√©e des Lumi√®res ","BTS SAM 1","Mamoudzou","Aucune heure","","","1heures ","30 minutes ","7","Redacteur territorial","Non","Anglais ","Coll√®ge de Chiconi","Oui , oui","Je ne sais pas ","Je fais d√©j√† un BTS","Oui , Management et le droit ","Je sais pas ","Oui","Je sais pas ","Chim1or√©","Oui","Oui, 1 ou 2 √ßa d√©pend ","Je sais pas car au final jai toujours mal au dos apres les cours","Le BFR et le FR","","Option 1","Option 1","Option 1"
"2022/04/10 4:56:17 PM UTC+3","18","Lyc√©e Des Lumi√®res (Mayotte)","Terminal ","Mamoudzou ","0(car je ne fait pas des math√©matiques)","","","4 heures ","1 heure ","5","Mon p√®re est agent d'entretien et ma m√®re femme au foyer ","Non ","Aucune difficult√© ","Coll√®ge K2","Oui pour les math√©matiques ","Non","Faire une Licence de g√©ographie. J'ai comme sp√©cialit√© sciences num√©rique informatiques et histoire g√©ographie g√©opolitique et sciences politiques ","Les relations internationales ","Non ","Non","Rien ","Shimahorais","Oui ","Oui j'ai internet. Tout les devoirs si j'ai pas compris une chose ","Rien ","Les th√©or√®mes car j'aime la g√©om√©trie ","","","",""
"2022/04/10 4:57:40 PM UTC+3","15","Lyc√©e de Mamoudzou nord ","206","Dembeni ","1h 30","","","1h30","1h","5","Non ","Non ","Pas vraiment ","Oui ","Pour la seconde un peu mais Sava ","Non","Allez dans une √©cole de commerce puis ouvrir mon entreprise. ","Non pas vraiment ","Pas vraiment ","Non ","Pas trop ","Shimaore ","Oui","Oui en majorit√© pour moi tout ","Autre ","Autre ","","","",""
"2022/04/10 5:00:20 PM UTC+3","16","lyc√©e Mamoudzou nord ","seconde 3","koungou","4h d'apprentissage ","","","1h ","4h ","4","non","non","non pas forcement ","coll√®ge majicavo","oui dans certaine mati√®re ","oui, en maths et en sciences ","De continuer √† l'universit√©. Science √©conomique et sociale ","en maths ","oui","Ensemble de d√©finition ","J'ai pas compris ","Le shimaor√© ","Oui","Non pas acc√®s a internet ","Leq √©changes entre amis influe pas ma r√©ussite ","Nombre rationnels ","","","Option 1","Option 1"
"2022/04/10 5:03:02 PM UTC+3","16 ans ","Lyc√©e des lumi√®res ","Premi√®re ( 103 )","Kaweni","Je ne me consacre pas sur les math√©matiques ","","","2h pour les sciences 1h pour les sciences physiques et 1h pour les sciences de la vie ","5h suivant la lecture aussi ","2","Seul mon p√®re travaille ","Non Aucun ","Non aucunes difficult√© constater ","J'ai obtenue le brevet ","Non ","Non aucun changement grave ","Continuer la fac ( Les litt√©rature et la langue )  ","Le fran√ßais et L'anglais ","Non","Non aucunes","Rien ","Le shimaor√©","Oui","Oui j'ai acc√®s ( beaucoup de travaille n√©cessitant notamment √† la recherche )","Oui le mobilier afluent plus ou moins √† cel√† car aux diff√©rents dispositifs ","Aucune notions ","","Option 1","Option 1",""
"2022/04/10 5:07:07 PM UTC+3","17 ans","Lyc√©e des lumi√®res ","Terminale ","Koungou","0","","","30 min","2h","2","Femme au foyer ","Non","Non","Coll√®gue majicavo ","La seconde en math√©matiques ","Non","Devenir enseignant avec la sp√©cialit√© Humanit√© litt√©rature et philosophie ","Non mais j‚Äôaurais pr√©f√©r√© continu√© en LLCE Espagnol ","Non","Non","Parce que je c√¥toie cette langue ","Le shimaorais","Oui","Oui","Rien ","La g√©om√©trie ","","","",""
"2022/04/10 5:10:33 PM UTC+3","20","Lyc√©e des lumi√®res (Mamoudzou Nord)","BTS PASSERELLE ","Kaweni ","2h","","","3h","1h","4","Sans profesion","Non","Fran√ßais et Anglais","D√©j√† obtenu mon brevet (coll√®ge de passamainty)","Oui","Quand j'√©tais en 5 √®me j'√©tais 1er de la classe jusqu'√† 3√®me. ","Gestion -Administrative ","Non je n'ai pas de regret sur mon parcours, au contraire je suis fi√®re ","Non les calculs ","Oui le malgaches","La bouche et les paroles","Shimaor√©e","Oui je suis fran√ßaise ","Non","Parfois des amis prennent ma place habituelle mais √ßa va. ","Oui j'aime la fonction et la marge brut et les calcule.s","","","","Option 1"
"2022/04/10 5:14:53 PM UTC+3","16","Lyc√©e des lumi√®res ","1ST2S ","Koungou ","3","","","3","2","4","Femme de m√©nage ","Non","Physique ,  math√©matiques ","Coll√®ge de koungou ","Oui","Plus je m'am√©liore plus les mati√®res deviennent difficiles ","Faire un bac+2 et travailler en tant que aide soignante ","Litt√©rature. J'aime les langues ","Non","Non","Rien , c'est mieux quand on m'explique les cours en fran√ßais  ","chindzouani","Non","2","Les chaises et les tables ne sont pas bien nettoy√© , je suis allergique √† la poussi√®re ","Y a beaucoup de formules et j'arrive pas √† les retenir par c≈ìur , √ßa m'arrive de les confondre ","","","",""
"2022/04/10 5:18:24 PM UTC+3","17 ans ","Lyc√©e des lumi√®res ","Terminale ","Koungou","2h","","","6h","2h","8.50","Police municipale ","Non ","Non","Koungou Mayotte ","Non ","Oui en 1ere je me suis perdue ","Continuer avec une licence , Sp√©cialit√© Svt et Physique chimie ","Non ","Oui je n'ai pas totalement acquis la langue fran√ßaise.","Non.","L'habitude de le pratiquer depuis tout petit ","Shimaor√© / Shibouchi","Oui","Oui ","Je ne sais pas ","Les Algorithmes , j'aime les maths car c'est reli√© √† la vie peux importe o√π nous sommes on a besoin de maths","","Option 1","Option 1",""
"2022/04/10 5:20:04 PM UTC+3","16","Lumi√®res","213","Koungou","5h","","","2h","1h","8","Non ch√¥mage","Non","Non","Mention tr√®s bien","Non","Non","Maths /physique/ ses","Non","Je pense","Non","La comprenhision vu que c'est ma langue que je parle le plus","Shimaore","Oui","Oui, plus de 10","La tranquilit√©","Les statistiques car on utilise moins le cahier, on utilise beaucoup la calculatrice","","","Option 1",""
"2022/04/10 5:23:14 PM UTC+3","18","Lyc√©e des Lumi√®res ","Terminale ","Mamoudzou ","5 heures ","","","6-7 heures ","1-2 heures ","6","Fonctionnaires et commer√ßant ","Non","Non","Coll√®ge Kaweni 2","Non","RAS ","Domaine scientifique ","Math√©matique ","Non","Non","Je parle couramment fran√ßais ","Fran√ßais","Oui","Oui, la plupart ","Pas d‚Äôimpacts majeurs ","Logarithme n√©p√©rien. Facile et amusant ","","Option 1","Option 1","Option 1"
"2022/04/10 5:39:35 PM UTC+3","16 ans ","Lyc√©e des lumi√®res ","104","Koungou ","12 heure par semaine","","","8 heure par semaine ","8 heure par semaine ","8","Oui ils travaillent ","Non ","Non j ai pas √©prouv√© de difficult√© ","Au coll√®ge majicavo lamir ","Non ","Oui ","Physique chimie math et svt ","La physique chimie et les maths ","Non ","Non j en ai pas ","C est plus la compr√©hension des choses par exemple en physique chimie ou m√™me dans d autre mati√®re l‚Äôorque j ai une d√©finition est qu‚Äôon me l explique dans la langue maternelle avec des termes que je connais je vais plus comprendre ","Shimaorais ","Oui ","Oui j ai acc√®s √† internet presque tout mes devoirs ","Non sa influe pas ","√ânorm√©ment de notions comme dans les √©quations ou d autre c est la mani√®re de proc√©d√© afin d obtenir le r√©sultat qui a fait que j ai aimez ses notions ","","Option 1","Option 1",""
"2022/04/10 5:40:03 PM UTC+3","18","Lyc√©e de lumi√®re","STMG","Koungou","1h","","","10","O","2","Nn il ne travaille pas","Nn","Nn","Coll√®ge k2","Oui","Je suis devenu plus responsable","Pour suivre me √©tudes","Nn je ne pas de regret","Nn","Nn","On me explique avec d√©licatesse","Le chimaore","Oui","Nn","Nn","Ax+by","","Option 1","Option 1",""
"2022/04/10 5:47:36 PM UTC+3","*16ans","*lyc√©e des lumi√®res kaweni","*Seconde","*koungou ","*1heure","","","*1heure","*0heure","*5","*elle travaille pas","*non","*non","*coll√®ge kaweni 1","*oui","*non","*apr√®s bac OTM faire 2ans d'√©tudes puis travailler ","*non","*non","*non","*exemple les notions en math a+b=AB c'est trop dure vaut mieux faire des notions avec des nombre exemple 1+1=2","*comorien","*oui","*non et au moins 4devoirs n√©cessite une connexion ","* c'est beaucoup plus agr√©able de travailler avec des mobiliers moderne car √† la maison on √† pas","*je retiens pas les notions ","","Option 1","Option 1","Option 1"
"2022/04/10 5:59:02 PM UTC+3","15","Lpo des lumi√®res ","1st2s","Kongou","2","","","3","4-5","7","Oui","Non","Non","Coll√®gue Fr√©d√©ric D'achery","Non","Pas","Mourir","Phisique chimie et svt","Je ne sais pas","Oui","Je la parle couramment ","Shimaor√©","Non","Oui, je ne sais plus","Aucune id√©e ","Les calculs au second degr√©, je suis perdue","","","",""
"2022/04/10 6:00:01 PM UTC+3","19","Lyc√©e des lumi√®res ","Tg3","Mamoudzou ","0h","","","2h","2h","1","Policier ","Non ","Non ","Je l‚Äôes pas eu ","Non ","De professionnelle √† g√©n√©ral ","Travailler ","Oui , Rester dans la professionnelle ","Nan ","Non ","Le fran√ßais ","Fran√ßais ","Non ","Oui ","Bof ","Je d√©teste les maths ","","","",""
"2022/04/10 6:00:36 PM UTC+3","17","Lyc√©e des lumi√®res ","Terminale g√©n√©rale 2","Mamoudzou ","0h","","","0h","2h","1,58","Ils ne travaillent pas","Non","Non","Coll√®ge de kaweni 1","Non pas vraiment ","Non","√ätre professeur de langues","Non et aucune","Oui ","Non","Les mouvements des l√®vres ","Shimaorais ","Oui","Oui et pas trop","En rien","J‚Äôen connais pas","","","",""
"2022/04/10 6:43:38 PM UTC+3","17 ans","Lyc√©e Des Lumi√®res ","Terminal  STMG5","Bandraboua ","6 heures","","","7 heures","2 heures","5","Non il ne travail pas","Non","Non","Au coll√®ge K2","Non","Non","BTS Gestion de la PME","Non pas du tout","Non","Non","Pas je c'est pas trop","Le Shimaore","Oui","4 devoir","Je c'est pas trop ","Les ","","Option 1","Option 1","Option 1"
"2022/04/10 6:48:56 PM UTC+3","18 ans","Lyc√©e des lumi√®res","Terminale g√©n√©rale 8","Mamoudzou","00h00","","","2h","10h","2","Ma m√®re ne travaille pas et mon p√®re est mort.","Non","Je ne sais pas je crois math","Au coll√®ge de K1","Non oui dans certains mati√®res","Non ","J'aimerais faire un BTS ou dipl√¥me d'√©tat pour √™tre assistante sociale dans le public ou priv√©.","Oui , SES","Non","Non","Rien ","Le chimaor√©","Oui","Non","J'ai pas ses choses et je ne trouve pas de place pour me poser et faire mes exercices tranquillement.","Rien","","","Option 1","Option 1"
"2022/04/10 6:56:06 PM UTC+3","17 ans ","Lyc√©e des lumi√®res ","202","Koungou ","1h","","","1h","1h ","5","Femme de m√©nage ","Non","Nn","Au coll√®ge de Koungou ","Nn","Oui","Je ne sais pas ","Journaliste ","Nn","Nn","Rien ","Chimaorai","Nn","Je ne sais pas ","Rien ","Aucun ","","Option 1","Option 1",""
"2022/04/10 7:12:51 PM UTC+3","17 ans ","Lyc√©e des lumi√®res mamoudzou nord ","1 std2a","Koungou","1 heure","","","0","0","3","Oui ils travaillent . Mon p√®re garagiste et ma m√®re d√©clarente en douan","Non","Oui en fran√ßais et anglais ","Oui je l‚Äôest eu ","Non","Oui je suis pass√© de g√©n√©ral √† technologie","Apr√®s le bac je compte faire un DNMADE bijouterie en France . J‚Äôai la sp√©cialit√© art appliqu√© ","Non je n‚Äôai pas de regret ","Un peu peut √™tre ","Non personne ne me l‚Äôexplique dans ma langue maternelle ","Quand quelqu‚Äôun parle avec des mots que peut de personne utilise dans la vie de tout les jours","Le cr√©ole r√©unionnais ","Oui","Oui . Je ne sais pas ","Les chaises peuvent des fois me faire mal au dos et au bas du dos","J‚Äôen ai aucune ","","","",""
"2022/04/10 7:18:38 PM UTC+3","15 ans","Lyc√©e des Lumi√®res","211","Koungou","1 heure","","","1 heure","2 heures","4","Oui. Animateur Territorial","Non.","Non.","Au coll√®ge de Koungou.","Non, pas trop.","Non.","Je ne sais pas encore.","Non. L'anglais ","Oui, un peu","Non","Je ne sais pas ","Le Shimaor√©","Oui","Oui. Peu","Un endroit aggr√©able est un bon endroit pour travailler","C'est trop compliqu√©e","","","",""
"2022/04/10 7:53:56 PM UTC+3","16 ans","Lyc√©e des Lumi√®res","1 STMG3","MAmoudzou","5h","","","Oh","2h","9","Mes parents ne travaillent pas","Non","Non","En classe se 3√®me au Coll√®ge kaweni 2","J'ai pas √©prouv√© des difficult√©s ","Non","Mon projet obtenu une fous apr√®s le BAC c'est de continuer mes √©tudes. Mon option est le bac technologie","J'ai pas de regret concernant mon parcours. ","Non","Non","Qu'on m'explique ","Mahorais","Oui","Oui, √ßa d√©pend du devoir","Les d√©chets ","Ce qui fait que j'aime les math√©matique c'est les chiffres et mes notes","","","","Option 1"
"2022/04/10 8:58:57 PM UTC+3","16","Lyc√©e des lumi√®res ","216","Mamoudzou","5h","","","1h30","4h","2","Carrossier ","Non","Non","Coll√®ge kaweni 2","Non","Non","J'ai pas encore de projet ","Management ","Non","Non","Rien","Malgache ","Non","Oui","Non","C'est trop dure ","","Option 1","Option 1",""
"2022/04/10 9:46:44 PM UTC+3","18","Lyc√©e des Lumieres Mamoudzou Nord","Terminal","Koungou","3min","","","0","2","3","un des parents ne travail pas l'autre est Masson","non","non pas trop de difficult√©","aux Comores ","non ","oui arriv√© en 5√® du coll√®ge jai eu des difficult√©s dans plusieurs mati√®res comme le Fran√ßais  ","faire un BTS","les math et l'espagnol","non","des exemples","des exercices avec des contextes  ","le comorien","oui","oui , 4/5 exercices n√©cessite internette","elle influe car par exemple pendant les pauses il n'y a pas assez de bancs pour se reposer sa fatigue encore plus , certaines chaises pas adapter aux tables qui oblige les √©l√®ves a se mettre dans des positions g√™nantes , le CDI qui n'a pas assez de places ou ordinateur  pour plus de 30 √©lev√©s ","je n'en ai pas en particulier ","","","",""
"2022/04/10 10:13:33 PM UTC+3","19","Mamoudzou nord","T OTM","Koungou ","1H","","","Je fais pas de sciences ","Environ 30min","7","Non","Non","Oui anglais ","Oui","Non","Oui je suis devenu intello üòÇüòÇüòÇ","Bac pro transport. Je continue mes √©tudes ","L anglais ","Oui","Non","Je sais parler ","Le chimahore","Oui","La majorit√© je n'est pas ","Non","Les suit num√©rique ","","Option 1","Option 1","Option 1"
"2022/04/10 11:10:09 PM UTC+3","15","Lyc√©e de lumi√®res mayotte ","213","Kaweni","5","","","3","6","6","Non","Non","Non","Coll√®ge kaweni 1","Un tout petit peu ","Non","Ma sp√©cialit√© :histoire &g√©o, sciences politiques. Allez √† la fac","Non.Histoire &g√©o ","Non","Non","Je ne sais pas ","Swahili, (je parle un peu le lingala)","Non","Non","√áa me permet de travailler en toute  tranquillit√© ","Les √©quations  . C'est facile √† comprendre ","","Option 1","Option 1",""
"2022/04/11 4:23:26 AM UTC+3","20","Lyc√©e de lumi√®res kaweni ","Terminale g√©n√©ral pouvoir suivre des etu","Koungou ","1h","","","1h","2h presque ","2","Seul mon tuteur qui travaille dans une soci√©t√© d'am√©nagement et de travaux ","Non","Non","Je obtenus mon br√®ve aux coll√®ges Fr√©d√©ric d'achery koungou ","En math√©matique oui","Oui depuis en classe de premi√®re mon niveau de travail √† chuter et deviens de plus √† plus inqui√©tant ","Pouvoir suivre des √©tudes et aller jusqu'√† ouvrir mon propre cabinet d'assistant social , je comme sp√©cialites HGGSP et SES et opt","Non . Histoire et SES","Non ","Oui","Je sais pas ","Langues mahoraise","Non","Oui ,plusieurs ","Rien","Aucune je pense que c'est peut-√™tre la raison qui fait que j'aime pas les math√©matiques ","","","Option 1","Option 1"
"2022/04/11 5:46:54 AM UTC+3","17","LPO des lumi√®res","Premi√®re ","Koungou","1-2h","","","Plus de 30 minutes ","3-4h","3","Non","Non","Oui, les sciences physique chimie et les maths","En France","Oui et non","Oui, les devoirs ont augment√©s de plus en plus et deviennent de plus en plus dur.","Aller dans une √©cole sp√©cialis√©e (sp√©: hggsp et nsi)","Oui, quelqu'un a modifi√© ma fiche d'inscription, je n'ai jamais choisi de faire HGGSP","non m√™me pas ","Non, je ne suis aid√©e par personne","je comprend le fran√ßais tranquille","le mahorais","non","oui, 3 ou 4","Je sais pas","Les formules, a cause du prof (c'est pas que j'aime pas, c'est que je ne COMPREND pas)","","","","Option 1"
"2022/04/11 5:48:45 AM UTC+3","17 ans","Lyc√©e des Lumi√®res ","TG1","Koungou","2h","","","4h","8h","4","Agriculteurs","Non","Non, ","Koungou","Oui, toutes ses heures courtes de r√©visions sont li√©es avec les conditions de vie √† partir de la seconde jusqu'en terminale. En effet, notre maison est en t√¥le alors ce n'est pas √©vident de rester pour r√©viser comme au coll√®ge. L'histoire est longue vous devez juste comprendre que lorsque j'ai une solution, une difficult√©s l'atrend devant. On crorait que je suis nul en maths alors que non, le temps de r√©vision m'a √©t√© vol√©. Vous ne comprendrez pas je pense,  ","Ma moyenne √©tait entre 15.25 √† 17.50 au coll√®ge, maintenant elle est de 12.53 √† 14.76, je suis d√©√ßu. Tout √ßa par ces conditions de vies. Je ne sais pas pourquoi vous interrogez lorsque vous n'apportez pas de solutions √† nos probl√®mes. Est ce que nos r√©ponses c'est pour faire jolies ?","Je veux √™tre architecte moderne. J'√©tudierai en m√©tropole.","Je pr√©f√©rerais √©tudiez d'avantage les maths. C'√©tait et c'est ma mati√®re pr√©f√©r√©e, pourtant je n'ai jamais eu la moyenne en terminale alors que c'est une sp√©cialit√©üôÑüòí","Mes difficult√©s en maths sont li√©es aux conditions de vie, je souffre pour relire au moins ma le√ßon hein. Je me sens mal de voir que m√™me les exercices que nous faisons en classe, je ne peux les refaire pour √ßa. Je viens souvent en cours sans r√©viser, j'ai des pens√©es de suicides parfois man. Je ne fais quasiment rien dans la mati√®re, je r√©vise souvent √† la derni√®re minuite, vous ne comprendrez pas. De toute fa√ßon, personne n'a jamais compris.",".....","Prendre son temp de m'exliquer, refaire seule les exercices fait en cours pour mieux comprendre.","Anjouanais","Non","Acc√®s √† internet. Plus toutes les mati√®res ont besoin d'une connexion.","Influe","La logiques des d√©monstrations, c'est siimple mais pour l'√™tre il faut travailler d'avantage.","","","","Option 1"
"2022/04/11 6:15:13 AM UTC+3","15","lyc√©e des lumi√®res","216","Mamoudzou","1h","","","2h","1h30","5","Oui agent d'entretien et agent de s√©curit√© priv√©","non","Svt","Coll√®ge","Oui","Oui","St2s","Oui","Non","Oui","Je comprend vite avec cette langue","Shimaore","Oui","Oui; 4","Je sais pas ","Multiplication","","","",""
"2022/04/11 7:11:27 AM UTC+3","18","Lyc√©e des Lumi√®res ","Terminal g√©n√©ral ","Tsingoni","Jamais ","","","Jamais ","Tout le temps ","4","Non","Non","Oui, histoire g√©ographie et physique chimie ","Coll√®ge de Koungou","Un peu ","Pas vraiment ","Continuer mes √©tudes faire au moins une licence en art ","Oui, l'anglais, la philosophie et l'histoire g√©o ","Peut √™tre ","Oui","Parce que c'est ma langue maternelle je suis n√©e avec donc c'est facile ","Langue comorienne ( Anjouan )","Non","Non, la majorit√© ","Je n'ai aucune id√©e ","Aucune ","","","",""
"2022/04/11 10:44:35 AM UTC+3","154 ans ","lyc√©e des lumi√®res ","seconde ","Koungou ","3 heure","","","4√†5heure ","1h30","9.50","mon p√®re travaille en tant qu'agent de s√©curit√© ","non","oui , en anglais ","au coll√®ge de majicavo ( mayotte ) ","non , pas probablement ","oui , les statistique ainsi que les exercices qui sont un peu plus √©lev√© mais √ßa va ","s√©rie g√©n√©rale ST2S : sciences sant√© et sociale  ","le fran√ßais , anglais , espagnol , math√©matique ","non ","non ","non ","le malgache ","oui , √† Mtsamboro ","oui j'ai internet , math , physique-chimie , sciences ","√ßa m'aide car au lieu de m'assoie par terre je m'assoie sur une chaise et je pose mon cahier ,stylo etc sur la table ","les m√©those , ainsi que les diff√©rents chapitre que j'aime trop","","","",""
"2022/04/11 1:40:24 PM UTC+3","17","LPO-DES LUMIERES-MAMOUDZOU","1 agora","mamoudzou","2 h","","","0","0","5","non","non","non","j'ai d√©j√† mon brevet","non","oui j'ai un peu √©voluer en math","bts sam","math","uii un peu","non","je sais pas","chimaorai","uiii","non je sais pas","jsp","les suite num√©rique ","","","",""
"2022/04/11 1:55:26 PM UTC+3","18","Lyc√©e des Lumi√®res ","TG1","Koungou ","Aucun ","","","2 heures ","Tous les jours ","5","Aucun ","Non","Non","Au coll√®ge de koungou ","Non aucun","Non aucun","Apr√®s le Baccalaur√©at j'aimerais m'orienter vers la comptabilit√© et gestion des entreprises.  Sp√©cialit√© sciences de la vie et de la Terre et sp√©cialit√© Th√©√¢tre ","Oui . L'histoire. ","Non , je pense qu'elle est li√©e √† mon manque de confiance et de concentration ","Non","Il n'y a rien qui fait que je comprenne mieux ce qu'il faut en ma langue maternelle car moi m√™me, je ne comprends rien des fois acce qu'ils disent ","C'est le shimaor√©","Oui","Oui . Je n'en ai aucune id√©e car je n'ai jamais mais attention a cela ","Elle influe ma r√©ussite car elle me met dans une bonne situation de travail ou de recherche ","Je ne peux r√©pondre a cette question ","","Option 1","Option 1","Option 1"
"2022/04/11 3:05:37 PM UTC+3","15ans","Lyc√©e lumi√®re","Seconde","Kaweni","5min","","","5min","Pas du tout","6","Ne travaille pas","Non","Non pas du tout ","Bien attendu","Oui","Oui j'ai eu une am√©lioration","Je sais pas encore","Le svt","Non","Pas du tout","L'apprentissage","Mahorais","Non","Non,je sais pas","Sa √† rien √† voir","Les √©quations parce que c'est facile","","","",""
"2022/04/11 3:32:30 PM UTC+3","16ans","LPO des lumi√®re ","210","kaweni","1heur","","","30 min","2heur","6","Non","Non","Non","coll√®ge Kaweni 1","Un peu","Non"," bac pro Accueil","Fran√ßais","Non","Non","je sais pas ","malgache et comorien ","Non","3","influe ","probabilit√© ","","","Option 1","Option 1"
"2022/04/11 5:53:51 PM UTC+3","17","Lyc√©e de lumi√®res ","1er stmg4","9 rue zena m'dere","2h","","","3h","2h","10","Rien","Oui ","Un peu ","Oui","Un peutoui","Oui","Management  science de gestion √©conomie ","Math√©matiques ","Nn ","Oui","De mieux r√©vis√©  le cours d'avant ","Maore","Oui ","Nn pas de connexion ","Chaises","Le notion arthimetique ","","","Option 1","Option 1"
"2022/04/11 5:58:47 PM UTC+3","16 ans","Lyc√©e des Lumi√®res","2nde","Koungou","2/3H du temps libre , le travail en classe prime","","","environ 4h","1h","8 , pourrait √™tre perfectionn√© , mais fonctionne ","Oui , cadre de sant√© et professeur au Lyc√©e","Non , je n'en ressens pas le besoin pour l'instant","Non","Au coll√®ge de Majicavo Lamir","Pas vraiment , juste la n√©cessit√© de plus de travail / investissement","Pas vraiment , mise √† part une petite baisse de la moyenne g√©n√©rale","Je ne me suis pas encore r√©ellement d√©cid√©","Oui , la litt√©rature (soit les cours de fran√ßais actuels) et EMC (√† croire que 1H toutes les 2 semaines inculque une quelconque morale et ouvre les esprits ), qui pourraient √™tre remplac√©s par plus de sciences (Maths , Physique Chimie , mais surtout SVT , qui est proportionnellement peu pr√©sent dans l'emploi du temps ) et la LV2 (je pr√©f√®re me focaliser sur une langue et la ma√Ætriser √† la perfection plut√¥t que d'avoir quelques acquis en LV1 et LV2)","Absolument pas , plut√¥t des √©tourderies","Non","Cette question ne me concerne pas","le Fran√ßais","Non , mais j'y suis depuis mes premiers pas","Oui , je ne saurais pas dire , mais internet facilite grandement la documentation","On peut ressentir des douleurs aux cervicales en fin de journ√©e , mais globalement , il n'y a pas d'influence , pour moi tout se joue √† la d√©termination pour r√©ussir ","Les √©quations , elles sont satisfaisantes et exploitent plus la r√©flexion que les connaissances","","","",""
"2022/04/11 6:28:36 PM UTC+3","16","Lyc√©e des lumi√®res ","109","Konkou","1h30","","","2h00","1h30","4,5","Oui , je ne sait pas ","Non ","Oui.Math√©matiques, physique chimie ","Mon brevet je l'ai eu au coll√®ge de Majicavo","Oui en seconde mais pas en 6√®me ","Non. Rien ","Mon projet apr√®s le bac et de partir en √©cole de gendarmes ","Non pas de regret.","Non. Li√©e en manque de compr√©hension ","Pas compris la question ?","Pas compris la question ?","Fran√ßais ","Oui ","Oui j'ai acc√®s √† internet, anglais et espagnol.","Non "," j'aime La trigonom√©trie,parce que c facile et j'ai compris vite  ","","","",""
"2022/04/11 8:49:43 PM UTC+3","16 ans","Lyc√©e des lumi√®res ","212","Kaweni","6h","","","2h","4h","7","Oui mes parents travaillent.Ma m√®re est enseignante et mon p√®re marin p√™cheur ","Oui","Oui,en fran√ßais ","J'ai obtenue mon brevet au coll√®ge kaweni 2","Nn,mon entr√© en seconde n'a pas √©t√© si difficile ","Oui j'ai eu beaucoup dans changement comme certaines mati√®res que j'ai remplac√© ","Une fois le bac en poche j'aimerais devenir contr√¥leur a√©rienne ou bien ost√©opathe qui sont tous deux des metiers opposer. ","Oui j'ai des regret j'aurais etudier plus les mati√®res principale comme (fran√ßais,math√©matiques,histoire g√©ographie)","Nn pas vraiment ce sont surtout les explications du professeur qui ne sont pas tr√®s fluide.","Oui comme le( deus ex machina) en fran√ßais ","Ce qui fais que je comprenne mieux la langue  maternelle est le mixage entre celles-ci et le fran√ßais ","Le malgache , l'anjouanais,le maor√© et le cr√©ole ","Oui","Oui  j'ai un acc√®s √† internet et la majorit√© de mes devoirs n√©cessitent internet.","Cele influ sur notre r√©ussite car si nous poss√©dons des meilleurs moyens de travail nous pourrions avoir plus de chance de r√©ussir. ","La nation de math√©matiques que j'aime est l'arithm√©tique et l'alg√®bre car j'aime beaucoup faire des calculs","","Option 1","Option 1","Option 1"
"2022/04/11 9:25:21 PM UTC+3","15","Lycee des LUMIERES","205","Koungou","1heure","","","1h30","jamais","5","Non","non","nn","college majicavo lamir","non","nn","lisence et master","nn","nn","nn","je sais pas","Maorai","oui","nn plusieurs","jesaispas","jesais pas","","","Option 1","Option 1"
"2022/04/11 10:08:35 PM UTC+3","15","Lyc√©e des lumi√®res ","212","Koungou","Oh","","","30min","Oh","6","Oui, prof et commer√ßante","Non","Le fran√ßais ","Coll√®ge majicavo","Non","Non","√âtude sup√©rieur d'architecture ","Le fran√ßais","Oui","Non","Oui","Russe","Non","Oui, beaucoup trop","Les tabourets sa fait mal au dos.","1+1=11 physique>>>>math","","","",""
"2022/04/12 6:08:00 AM UTC+3","17","Lyc√©e des Lumi√®res","TG5","Mamoudzou","2 √† 3h","","","1h √† 2h","1h","5","Ma m√®re travaille en tant que femme de m√©nage et mon p√®re travaille dans le domaine du s√©curit√© priv√©e","Non","Oui, en Fran√ßais","J'ai eu mon Brevet en 3√®me, au coll√®ge kaw√©ni 2","Non, pas √† ma connaissance en classe de seconde","Pas de changement","Devenir expert-comptable. Je fais sp√©cialit√©s maths et SES","Non. La physique chimie, c'est int√©ressant","Non","Non","Avec la traduction","Chimaor√©","Oui","Oui j'ai acc√®s √† Internet. Plusieurs types de devoir n√©cessitent une connexion Internet.","De l'entraide, de l'accompagnement personnalis√© etc.","Plusieurs. J'aime cette mati√®re car je suis passionn√© des chiffres","","","",""
"2022/04/12 9:19:21 AM UTC+3","16","Lyc√©e des lumi√®res ","211","Mamoudzou ","2h","","","5h","3h","5","Non ils ne travaillent pas ","Non","Anglais ","Coll√®ge k1","Oui","Non","Je sais pas ","Non ","Non","Oui","Je sais pas ","Mahorais ","Oui","Oui et beaucoup ","Banc","Oui j aime les statistiques, d√©veloppement ","","","",""
"2022/04/12 10:38:50 AM UTC+3","16","mamoudzou nord","TG7","mamoudzou","aucune","","","3h pr√®s","3h","5","pas de travaille","non","non","coll√®ge de kwal√©","non","non","je souhaite un BTS management et commerce","je ne pense pas que j'ai des regrets","non je ne pense pas","non","je n'ai pas d'id√©e","mahorais","non","je n'ai pas de connexion internete a la maison","le confort et le soulagement","le theor√®me de pytagore ","","","",""
"2022/04/12 11:23:27 AM UTC+3","18 ans","Lyc√©e des lumi√®res ","TG6","Mamoudzou ","1h","","","3h","2h","5/10","Pas de travail ","Non","Non","√Ä Mayotte ","Oui","Oui","Sciences de la vie et de la terre/ g√©n√©ral ","math√©matiques ","Non","Non","Rien ","Comorienne ","Non","Non / plusieurs ","Rien","Probabilit√© .... c'est proche de la r√©alit√© ","","","Option 1","Option 1"
"2022/04/12 4:17:05 PM UTC+3","17ans","Lyc√©e des Lumi√®res","Terminale7","Mamoudzou","moins de 2h","","","plus de 12h","plus de 6h","8"," malheureusement non","non,je r√©vise seule","oui un peu dans les langues","Au coll√®ge Kaweni1","non pas vraiment","oui,compr√©hension de notions non comprises avant","Apr√®s le BAC,je souhaites m'orienter vers une licence et si possible un doctorat en m√©decine","non pas de regrets","non je ne pense pas","non","je sais pas","le shindzouani","non","oui ,environ une dizaine","y a pas de motivation ","l'exponentielle","","Option 1","Option 1","Option 1"
"2022/04/12 9:31:31 PM UTC+3","16","Lpo lyc√©e des lumi√®res ","208","Koungou ","1 a 2h","","","2","2 a 3h","9","Ma elle travail a la cr√®che ","Non ","Non, maths ","Oui ","Oui, physique chimie et les math√©matiques ","Pas compris ","Je veux m'inscrire dans une √©cole de rugby ","L'histoire et l'svt","Non,Je que des difficult√©s en maths ","Pas compris ","Les explications et comment les gens parler ","Le chimaore ","Non,mais j'aurais aimer ","La moiti√©s des mati√®res physique chimie ","Pour moi ca me pose pas de probl√®mes ","Cest pas une questions de aimer la mati√®re le prof explique bien il fait le n√©cessaire pour que on comprend mais je crois que ce moi qui √† un probl√®me, je sais pas trop ce que j'ai avec les maths ","","Option 1","Option 1",""
"2022/04/12 9:47:06 PM UTC+3","17ans ","Lyc√©e des Lumi√®res ","TG5","Mamoudzou ","2h","","","4h","1h","5","Femme de m√©nage ","Non","Anglais et histoir g√©o ","Coll√®ge K2","Oui","Oui, devenir professeur d'√©cole √©l√©mentaire..","Je souhaiterais poursuivre des √©tudes de m√©decine en licence staps acc√®s sant√© afin de devenir Masso-kin√©sith√©rapeute. 
Mes sp√©cialit√© sont : Maths et SVT.","Pas du tout, enfin,  juste pour la sp√© Maths mais sinon je ne regrette pas ","Non, je pense pas enfin je sais pas trop. ","Les suite g√©om√©triques ","En langue locale,on arrive a mieux comprendre ce qui est demander sans ce cass√© la t√™te, les explications sont bien d√©taill√© et pr√©cis. ","Shimaor√©","Oui","Oui,jai acc√®s √† internet. 2, 3 devoirs m√™me plus ","√áa influe","R√©soudre une √©quation. J'aime calcul√©, c'est tout. ","","","",""
"2022/04/13 3:56:03 PM UTC+3","18","lyc√©es des lumieres","T STMG","Koungou","3 heures","","","9heures","4 heures","6","m√®re aux foyer ","non","non","oui","non","non","faire un BTS ","non","non","non","oui","mahorais ","oui","non","non","probabilit√©","","Option 1","Option 1","Option 1"
"2022/04/14 3:02:03 PM UTC+3","17 ans","Lyc√©e des lumi√®res","1mcv1","Pamandzi","4h","","","2 h","1h","8/10","Rien","Non","Non","Oui au coll√®ge de pamandzi","Nn","Oui j suis am√©liorer mes connaissances.","BTS MCO ou lyc√©e de sada inchallah"," m√©tier de la S√©curit√©","Non ","Nn","Nn je rien a dire","Shimaore","Non","Non j'ai pas de connexion chez moi.","Bof","Il faut juste jou√© les intelligence","","Option 1","Option 1","Option 1"
"2022/04/14 7:30:53 PM UTC+3","17ans ","Lyc√©e des lumi√®res ","1stmg4","Koungou","20min ","","","1h","Toute la soir√©e et la nuit ","6","Ma m√®re et femme au foyer mon p√®re et m√©diateur ","Non ","Nn nn ","Oui ","Non ","Non ","Gestion finance ","Les maths ","Non ","Oui ","L‚Äôexplication ","Maor√© ","Oui ","Oui tout mes devoir n√©cessite internet ","En rien ","Les suites ","","","",""
"2022/04/14 8:59:02 PM UTC+3","16","Lyc√©e  des lumi√®res ","215","Koungou","0","","","2h ou 3h","0","4","Mon pere travail ","Non","Non ","Jai eu mon brevet avec mention  bien","Non pas vraiment ","Non","Bhe aller √† l'universit√© ","Les math√©matiques ","Non","Oui","Bhe parce que des fois le francais ne suffit pas pour bien expliquer ","Le Shimaor√©","Oui a Mamoudzou ","Oui","Oui","Jai oublier mais on a fait un controle et jai lai reussi ","","Option 1","Option 1",""
"2022/04/15 8:30:12 AM UTC+3","16ans","lyc√©emamoudzou nord","101","mtsap√©r√©","1h","","","35mn","1h et 35mun ","4","Non ils sont au chomage","Non","Oui en espagnol et en anglais","OUI","OUI ","Non"," Mes projet sont all√©s a l'universit√© en licence si j'ai les qualite requise ou fair un bts","Oui j'aurais voulu apprende d'aventage les maths","Non","Non","je crois que je conprent plus se qu'on me dit en francais quand langue maternelle","Le chimaorais ou principalement le comorien","oui","Non j'ai pas d'acc√®es internet chez moi ,6 devoir sur 10 n√©cessitaient une connexion","IL nous donne plus de confort et d'acces a des culture  √©trang√®res","La notion de math√©matiques que j'aime est l'√©tudes de fonction caron est pas forcement d'etre bon en maths il suffit juste d'aprendre la method","","","",""
"2022/04/15 10:17:21 AM UTC+3","19","Lyc√©e des Lumi√®res","BTS GPME1","DEMBENI","4H","","","2H","3H","4","NON","NON","OUI, math√©matiques","oui","oui","non","BAC PRO Gestion Administratif","pas de regret","oui","oui","nn","le shimaore","oui","NON","Echange entre amis","les calcules mentales ","","Option 1","","Option 1"
"2022/04/15 11:15:53 AM UTC+3","16","lycee mdz nord","213","koungou ","5h","","","5h","5h","5/10","imprimeri","non ","physique chimi","je l ai deja ","pas trop","un peu ","science de l ingenieur ","le math","non cest liee a la comprension","non ","les explication en francais ","shiamore ","non","oui 2 max ","pas trop ","les nouveau chapitre ","","","",""
"2022/04/16 8:21:29 AM UTC+3","14ans et 17 mois","LPO des Lumi√®res","206","Koungou","0.03","","","0.15","0.01","4","Mes parents travaillent : l'un est Livreur, l'autre est gardien de s√©curit√©.","Non","Non","Oui","Non","Je ne sais pas.","Continuer avec des √©tudes sp√©cialis√© en Num√©rique.","...","NON","Non.","...","Shimaor√© et Fran√ßais.","Oui.","Je n'ai pas acc√© √† intern√©t √† la maison","...","Je ne m'en souvien pas.","","","",""
"2022/04/16 9:21:55 PM UTC+3","17","Lyc√©e des lumi√®re ","Tstmg","Mamoudzou","1h","","","3h","2h","5","???","Non","Non","Coll√®ge kaweni 1","Un peu ","Au niveau du travail ","Une formation de droit","Oui, l'SVT","Non","Non","???","Maor√©","Oui","Oui, assez ","Pour reussir faut √™tre √† l'aise et avoir avoir une confiance et cela peut √™tre consid√©rable avec le mobilier de l'√©tablissement ","Les probabilit√©s, le hasard ","","","",""
"2022/04/17 3:05:16 PM UTC+3","16","Lyc√©e mamoudzou nord","211","Trevani ","7h mais encore cela d√©pand","","","Sa depand","J'aime pas casiment jamais ","5","Chauffeur pois lourd","Non","Non","Oui j'ai le brevet ","Non","Non","Mon projet c'est d'int√©grer l'√©cole enac pour r√©ussir mon r√™ve de pilote ","Math","Oui","Comme les intervalles ","Non le fran√ßais me suffit ","Fran√ßais/ maore","Oui","Oui j'ai acc√®s a internet, presque tout","Oui √©tre agr√©able ce qui compte ","Vecteur, mais j'ai toujours des difficult√© ","","Option 1","Option 1","Option 1"
"2022/04/17 10:43:29 PM UTC+3","14 ans","Lyc√©e des lumi√®res ","2nd11 ","Mamoudzou ","1h30","","","2h","2h","5","Chef d‚Äôentreprise ","Oui","Non","Coll√®ge kaweni 2","Oui en maths ","Oui j‚Äôai une baisse de moyenne ","Allez √† l‚Äôuniversit√© pour esp√©rer avoir un dipl√¥me ","Maths ","Non","Aucune parce que j‚Äôen ai pas besoin ","Rien parce que j‚Äôen ai pas besoin et aussi parce que j‚Äôai du mal √† parler en langue maternelle ","Le malgache et le shimaore ","Oui","Oui . 2-5","Rien ","Les statistiques üìä parce que je trouve sa interre","","","",""
"2022/04/20 8:14:36 PM UTC+3","15ans","Lyc√©e des lumi√®res ","205","Mamoudzou ","4h","","","2h","4h","5","Ma m√®re travaille comme animatrices et mon je ne c'est un professeur de technologie ","Oui","Non ","Dans le coll√®ge kaweni 1","Non","Non","Je ne sais pas encore ","Je ne sais pas ","Non","Non","Je ne sais pas trop comment je vais dire","Le shimaorer","Oui","Oui je ne sais pas peux √™tre 24/24","Oui","Je ne sais pas trop ","","Option 1","Option 1","Option 1"
"2022/04/23 10:13:47 AM UTC+3","17","LPO DES LUMIERES","106","Mamoudzou","1h15","","","30 min","3h30","5.5","Mon p√®re travail dans la logistique","Non","Non","Au coll√®ge Kaw√©ni 1","Non. Mais je n'arrivais pas √† g√©rer mon temps et ne pouvais pas souvent rendre mes devoirs √† l'heure.","Oui. J'ai r√©gress√© en fran√ßais et en maths.","Je voudrais en trer dans une IUT puis faire l'√©cole de m√©decine. Sp√©cialit√© maths.","Je n'en ai pas . N√©anmoins j'aurais aim√© avoir l'arabe comme LV1 et non l'anglais","Non car d√®s le jeune √¢ge je ma√Ætrisais le fran√ßais et pourtant, je ne comprend pas certaines consignes en maths.","Non","Je parle ais√©ment mes langues maternelles et m'exprime g√©n√©ralement avec mes amis en ces langues.","Shimaorais et Kibushi","Oui.","Oui. Moins de 10.","Le fait qu'on puisse aller au Centr'aide lorsqu'on gal√®re sur un exercice nous permet de le comprendre et de le r√©ussir","J'ai retenue la le√ßon sur les multiples de 2,3,4,5 et 10. Mon professeur √©tait √¢g√© et nous aimions l'emb√™ter alors on n'apprenais pas nos le√ßons pour l'√©nerver . Du coup, j'ai aim√© ce cours.","","","",""
"2022/04/23 7:11:39 PM UTC+3","15ans","lyc√©e lumi√®re","212","kaweni","2h","","","2h","3h","1","m√®re sache femme ; p√®re travaille a COLAS","non","non aucune","au coll√®ge kaweni 2","en seconde il ya beaucoup de difficult√©s ","non","je sais pas encore","la mati√®re pr√©f√©rer que j'aimerais √©tudier est l'Histoir et Fran√ßais ","non","non","la confiance","le chimaorais","non","non j'ai pas acc√®s a linyernet a la maison beaucoup de n√©cessitait pour les devoirs","pas compris","deux","","","","Option 1"
"2022/04/25 8:27:09 AM UTC+3","15ans","lyc√©e des lumi√®res ","209 musique","majicavo / tsingoni","2h00","","","2√†3heure  ","1h√†2h","10","oui mon p√®re en tant qu'ageant  de s√©curit√©","non","oui anglais","au coll√®ge de majicavo ( mayotte )","oui ","non","ST2S","L'ESPAGNOL ? Fran√ßais ET l'emc  ","non","non","l'apprentissage ","le malgache: chibouchi","oui √† MTSAMBORO","Non , 1√†3 devoirs","au lieu d'√™tre assise par terre , je dispose d'une chaise et d'une tables . ","j'aime bien les √©quation et les ensemble car c'est pas compliqu√© ","","","","Option 1"
"2022/04/27 4:52:09 PM UTC+3","15","lyc√©e des lumi√®res ","219","Mamoudzou (97600)","30 min ","","","2h √† 3h","1h","4,5/10","mes parents travaille. ma m√®re est assistante et mon p√®re est un agent d'administration.. ","avant oui mai plus maintenant.","un peu oui, surtout on Fran√ßais, anglais, math. ","j'ai obtenu mon brevet au coll√®ge K2 ( kaw√©ni 2)","mon entr√©e n'a pas vraiment √©tait difficile. au d√©but c'√©tait difficile mais une fois habituer √ßa aller mieux ","oui j'ai appris √† aimer les maths malgr√© les difficult√©s.  ","une fois le bac obtenu j'aimerais faire le m√©tier de mes r√™ve qui est sage-femme. donc je vais prendre les sp√©cialit√© Math√©matiques, SVT et Physique Chimie.","j'ai pas vraiment de regret . j'aurais pr√©f√©r√© √©tudier plus la Physique Chimie et les Math√©matiques.","pour moi je dirais que sa on fais partie.","non.","je sais pas ","ma lange maternelle c'est le Shimaor√© et le Fran√ßais ","oui ","oui. la moiti√© de mes devoirs n√©cessite une connexion internet ","je trouve que la chaleur des salles m'aide moins a me concentr√© car je cherche plus un moyen de me rafraichir que d'√©couter le cours. ","aucune ","","Option 1","Option 1","Option 1"
"2022/04/28 9:22:51 AM UTC+3","18","lyc√©e des Lumieres","TG3","KOUNGOU","7h","","","21h","3 a 5h","3","non chomeur","non","pas vraiment","au coll√©ge majicavo lamir","a l'entrer en second j'avait des dificult√© pour choisir mes sp√©cialiter pour les ann√©es qui ont suivie comme j'avais des difficult√© dans des mati√©res","non il n'y a pas eux de chagement reel","je veux m'orienter dans la ch√©mologie","la NSI et l'histoire g√©opolique politique ","oui mes dificulter vienne surtout de m'a compr√©hension de la langue francaise baucoup","non","ma famille","le shimaor√©","oui","non j'ai pas accer a internet j'ai entre 2 et 3 devoirs a faire a la maison devoir a faire ","l'ecole est ouvert au √©leve mais les √©leve ne s'ouvre pas entre eux  se qui peut y avoir des concurrence entre les √©leve .","ce que j'ai retenu et la Trigonometrie sa ne signifie pas que je n'aime pas mais c dur a suivre","","","Option 1",""
"2022/05/12 10:20:09 AM UTC+3","18","Lyc√©e des lumi√®res","Bts","Mamoudzou","2h","4","Les prof bon","4h","3h","5","Sans ","Non","Non","Kaweni coll√®ge","Non","Pas grand chose","Universit√© de commerce","L'administratif √©conomique","Oui","Beaucoup","Rien de particulier","Chimaore","Oui","Pas tout le temps","Sur tout","Les formulaires","","","",""
"2022/05/17 9:49:14 AM UTC+3","17","Lpo dembeni ","101","Pamandzi ","1h","7","Mr.Toybou","1h","4h","7","Non","Non","Non","Brevet et bient√¥t le bac","De la pratique ","J'ai grandis ","Apres le bac, suivre des √©tudes de droits/hggsp,s'est maths pour les sp√© ","Auncuns regret,  ses","Non","Non je comprends tr√®s bien la langue maternelle que la langue secondaire ","Parce que cest la langue avec laquelle jai grandis et avec laquelle on mas transmis les normes et valeurs ","Chimaor√©","Non ","Oui j'en ai acc√®s librement et c'est  environ 4 √† 5 devoirs ","Il y a une manques de banc dans la cour et une manque d'endroits ou se poser et √©tudier ","Les maths je peux les oublier tr√®s vite comme je peux men rappel√© tr√®s vite aussi avec un peu de pratique  voil√† pourquoi je les aimes ","","","",""
"2022/05/27 11:57:32 AM UTC+3","13","COLLEGE DE OUANGANI","403","KAHANI","0","1","RIEN","10 MINUTES","0","7","SERVICE TECHNIQUE LES DEUX PARENTS","NON","NON","PAS ENCORE PASSE","UNE BONNE MEMOIRE","OUI","DIRECTEMENT CHERCHEZ DU TRAVAIL","HISTOIRE ","NON","NON","J'AI DIT NON","MAHORAIS","OUI","NON","CHAISES","LES CALCULES MENTALE","","","",""
"2022/05/30 7:56:08 AM UTC+3","11ans","coll√©ge de ouangani","6√®me","ouangani","1heure","10;9;8","j'ai pas compris","1heure","2heure apeu pr√©s","bah 9","oui ","d√®fois oui","oui","je pense oui","de la concentration ","oui les salle","euh... on va voir sa avec mes parents","non","n oui","non","oui","fran√ßais","oui","oui et ","bien","des p√®rimetre","","","",""
"2022/05/30 1:33:37 PM UTC+3","13 ans","Coll√®ge de Ouangani","5√®me","Ouangani","1 heure","10","L'√©coute","1heure","2h","10","Non ","Non","Non","oui","Ecouter et Comprendre","oui j'ai √©voluer","je sais pas encore","non","non","√©couter mes parents","venir","kibouchi","oui","oui","oui","les nombres relatifs","","","",""
"2022/05/30 1:43:17 PM UTC+3","14","coll√®ge ouangani","507","kahani","1","5","utiliser l'ordinateur","2","1","8","ramassage des poubelles","oui","non","oui","r√©viser","non","non","non histoire","non","non","non","fran√ßais","oui","non","j'en ai pas","addition","","","",""
"2022/05/30 1:49:19 PM UTC+3","13","college oungani","507","oungani","4heure","8","les fraction","1","3","9","m√®re femme de m√®nage","non","non","je suis en 5 eme","il faut r√®vis√®","non","je ne sais pas","le fran√ßais les maths l'histoire l'EPS","non","non","je comprend bien le fran√ßais","mahoraise","oui","non","oui","se mettre en col√®re","","","",""
"2022/05/30 1:49:55 PM UTC+3","12","college de ouangani","5eme","ouangani","2h","10;9","concentration et l'√©coute","1h","2h","100","ma m√©re est bibliothequaire","non","non","oui je vais l avoir.","de la concentration et dicipline","non","restauration hoteleriie","non car se n'est pas en ayant que l'ont avance ","non","non","?","fra√ßais","non","oui 5g","rien","je ne sais pas","","","",""
"2022/05/30 1:53:09 PM UTC+3","13ans","COLLEGE DE OUAGANI","507","BARAKANI","2","8","parce que gem utilise les  ordinatr","2","non","8","soudure","non","non","non","reviser","non","non","TECHNOLOGIE","non","non","non","shimaore","non","non","oui","multiplier","","","",""
"2022/05/30 1:56:37 PM UTC+3","12ans","college de ouangani","5√©me","barakani","2h","7","oui","1h ou 2h","1h","6","non ","non","oui en phisique chimie","je sais pas","s'avoire compter","non","je sais pas","non","non","oui","oui","shimaore","oui","oui","oui tous est atapter","les fraction ","","","",""
"2022/05/30 1:56:52 PM UTC+3","12","coll√©gedeouangani","507"," barakani","1HEURE","10;6;5","ecouter et comprendre

","4","10","1","ACM","NON","OUI","NON","ECOUTER TRAVAILLER","NON ","sage femme","tout les mati√®res","oui","non","shimaore","chimaor√©","non","oui","oui","fractions","","","",""
"2022/05/30 1:57:37 PM UTC+3","12ans","college de ouangani","507","ouangani","1heure de temps","9","je sais pas ","1heure de temps","1heures","satisfsants","je sais pas","non","oui","non","il faut reviser","non ","je ne sais pas","espagnols","oui","non","je comprend le francais","chibuchi","oui","oui","oui","les fraction","","","",""
"2022/05/30 1:58:57 PM UTC+3","15","COLLEGE de ouangani","507","OUANGANI","5","7","prof","1","10","8","OUI","OUI","NON","NON","reviser","non","milit√©re","espagnol","non","oui","je ne sais pas","shimaor√©","oui","oui","car plus mobilier corespon","franctions","","","",""
"2022/05/30 1:59:29 PM UTC+3","12","college de ouangani","507","kahani","2","4","plus de pratique","4","2","4","m√©caniten","oui","non","oui","r√©viser","non","non","non musique","non","non","non","shimaore","oui","non","oui","je sais pas","","","",""
"2022/05/30 2:00:14 PM UTC+3","12","COLLEGE Ouangani","507","Ouangani","1 huneur","7","r√©viser","1 heure","1heure","4","femme de m√©nage et ouvrier","non","non","non","r√©vise","non","non","non","oui","non","rien","shimaore","oui","oui","oui","multiplication","","","",""
"2022/05/30 2:01:36 PM UTC+3","13","Coll√®ge de Ouangani","507","Ouangani","1","8","2","3","2","7","Oui mes parents travail.Oui mon p√®re fait s√©curiter ma m√®re travaille m√©diatrise ","Oui ","Svt et sience et fran√ßai","Non je suis en 5√®me ","r√©vis√©e ","Non ","foot balleur ","Oui ","Non ","Non ","Je parle bien fran√ßais ","Shimaore","Oui ","Oui","Oui ","Multiplication Addition ","","","",""
"2022/05/30 2:01:53 PM UTC+3","12 ans","college de ouangani","507","HANDZO","1heure","10","travaill√© en petite groupe.","1h ou 2 h","1heure","moyen.","oui  mon p√®re travaille pour les maison et ma m√®re cherche.","non","non","OUI","R√©viser","NON","NON","NON ESPAGNOL","NON","NON","NON","francais  et mayotte","non","oui ","oui","Calcule lit√©rale parce que j'adore le faire.","","","",""
"2022/05/30 2:03:39 PM UTC+3","12ans","college de Ouangani","507","Ouangani","4heure de temps","9","je sait pas
","1heure de temps","2heure de temps","9","masson ","oui","non","non","r√©viser","non","je ne sait pas","espagnol","oui","oui par ce que je comprend pas bien le francaise","je suis faible en francais","chi maor√©","oui","non","c'est bien","addition","","","",""
"2022/05/30 2:03:49 PM UTC+3","13","coll√®ge de Ouangani","5√®me","Ouangani","0","2","ecouter","0","0","1","oui ma m√®re","non","oui","je sais pas ","ecouter et comprendre","oui","pompier","non","oui","non","je sais pas trop","shimaor√©","oui","non","oui","fraction","","","",""
"2022/05/30 2:03:54 PM UTC+3","13 ans","College de Ouangani","507","Hapandzo","15h00","9","travailler en petits groupes","3 heure"," ","Moyain","Non","Non","Non","Oui","r√©viser","Non","Non","Non Espagnol","Non","Non","non","shimaore","oui","oui","oui","ADDITION","","","",""
"2022/05/30 2:04:47 PM UTC+3","13","coll√®ge de Ouangani","507","Barakani","3heure","8","travaill√© en groupe ,√©cout√©","3heure","4heure","8","non","non","phisique chimique","je ne sais pas","tavaill√© en petite groupe avec les camarade qui veulent travaill√©","oui","non","non","non","non","sais la la","fran√ßais","oui","oui","oui pour bien travaill√©","les additions ","","","",""
"2022/05/30 2:05:14 PM UTC+3","11 ans","coll√©ge  de ouangani","507","Barakani","1h","10","l'adittionn","20 min","50 min","10","oui m√©re agent d'acceuill","non","phisique chimie","je suis en 5√©me","travailler","oui","je suis en 5√©me","l'anglais","non","non","non","shimaor√©","oui","oui ","oui","addition","","","",""
"2022/05/30 2:07:04 PM UTC+3","13","coll√®ge de Ouangani ","507","Barakani","1heur mini m√¥me ou 2 heur ","8","r√©vise  ","2 heur ou 3 heur ","1 heur ","8","surveillent","non","non","je suis en 5 E","TRAVAILLER","NON","NON","NON","NON","NON","NON","Fran√ßais","non","oui","c'est bien","scratch, additions, multiplications","","","",""
"2022/05/30 2:08:31 PM UTC+3","13","COLLEGE DE OUANGANI","507","KAHANI","1","8","JE NE SAIS PAS","1H","1H","2","OUI  MENAGE","NON","OUI","NON","TRAVAILLER","NON","JE NE SAIS PAS","NON","OUI","NON","NON","CHIMAORE","NON","NON","NON","SCRATCH","","","",""
"2022/05/31 7:19:40 AM UTC+3","75","l,yur(","305","paris","15heures","10","je peux faire nananinanana","rgrertyh(""","rtheyrterrrrrrrrr","srtgg(ytg","""e""'(yt'r","'t('rf(('""","  tgr(fvg","zrtgf""'er g","egt(rf'ezqz","zgbtz't(","gdhz'tfgz","fdbz'""'r","""a'(","cfe(tdsdvfg",";:kl:;,etrt(","etfgrztfgazn ","nb etnb gy"," thnb etfgnr","thgebn tbh'√©z","ytedtt","","","",""
"2022/05/31 7:27:51 AM UTC+3","13","college de ouangani","408","ouangani","1h","7","calcul","3h","1h","5","nn","nn","nn , Maths","college de ouangani","plus travaiiler dessus","oui,j'ai beaucoup appris","personnelement je sais pas j'y reflechis toujours","je sais pas","non","non","les cours","mahorais","oui","oui , je sais pas","je sais pas","j'aime pas parce que je comprend rien du tout ","","","",""
"2022/05/31 7:32:06 AM UTC+3","13ans","college de ouangani","4√®me","ouangani","1heur","1","r√©vision ","0heur ","0heur","fragile","entrepreneur","non ","physique chimie","je sais pas"," r√©viser plus ","non ","dileur ","rien ","non ","oui ","je sais pas","shiboushi","oui ","oui ","je sais pas"," th√©or√®me de pythagore ","","","",""
"2022/05/31 7:39:50 AM UTC+3","13","college de ouangani","408","ouangani","1h","5","je sais pas","1h","1h","10","oui CHM","maths","nn maths","college de ouangani","de bien traiville et de paticiper","oui un peux","je sais pas encore","je sais pas","nn","oui","nn","maorais","oui","oui 1h","je sais pas","je sais pas","","","",""
"2022/05/31 7:40:48 AM UTC+3","14","college de ouangani","4eme","ouangani","5h","9","calcul","2h","6h","9","non , ils ne travaille pas ","oui","non","moi pas encore","des r√©visions","non","√©tudes de dentiste , math√©matique","oui , la m√©decine","oui effectivement","non","non","le shimaor√©","non ","non ","aucun de tout ca ne m' influe pas dans ma r√©ussite","le th√©or√®me de phytaguore","","","",""
"2022/05/31 7:43:03 AM UTC+3","14","coll√®ge de ouangani ","4√®me ","ouangani","15min","9","apprendre plus le cours ","2heur","15min","9 satisfesant","entreprise ","non","non","oui ","apprendre les th√©or√®me √©tudi√©","non","bac+12  chirugie","svt","non","non ","non"," shiboushi","oui","oui","je sais pas","th√©or√®me ","","","",""
"2022/05/31 7:43:41 AM UTC+3","13 ans","college de ouangani","408","ouangani","3 heure","5","les situation proportionnel","1 heure","4 heure","5","non, parent au foyer","non je me debrouille","oui math, svt, phisyque  chimie","je sait pas encore  mais je l espere","se concentre et avoir quelqu un pour bien nous expliquer ","non "," mon projet est de continuer avec du BTS  et insi de suite","non ya pas de regret","non , mai la fa√ßon dont on m explique","non juste si j'ai pas ecouter  et je demande  ils vont me parler la langue  maternelle","non","le shimaore","oui","oui ,3","chaise ","les calculs","","","",""
"2022/05/31 7:47:44 AM UTC+3","14 ans","college de ouangani","408","ouangani","2heure","8;19","calcul mental","4heure","2heure ","8","oui ils travail","non","non","oui","il faut etre consentrer ecouter    ","non","edu soignante","math         physique chimie svt anglais","non","oui","parcque j comprent mieux","shimaorer","oui","oui","amenagement des lieux pour travailler","j comprent rien en math","","","",""
"2022/05/31 7:47:59 AM UTC+3","13 ans","college de ouangani","4eme","commune de ouangani","trois heures","10;15","le professeur doit bien esplique","cinq heure","quatre heure","15","ils travail pas","non","oui","non, pas encor","il faut apprendre","oui ,il y a des changement","je voudrai etre gendarm ou police","l'histoire, espagne","non","par fois","parceque c'est ma lange deput petite","le chimaor√©","oui ,mai pas vraiment","non","internet,pronote....ect","ont na pas encor de maths","","","",""
"2022/05/31 7:48:13 AM UTC+3","14","coll√©ge de ouangani","4√®me ","ouangani","15min","9","relir le cours","15min","15min","9 satsfesant","entrepris","non","non","oui","etre attentif au cours","non","bac+12 chirurgie","svt","non","non","non","shiboushi","oui","oui","je sais pas","les th√©or√®mes ","","","",""
"2022/05/31 7:52:38 AM UTC+3","13","college de ouangani","408","ouangani","2heure","5","calcule ","1heure","1heure6","5","non","oui √† l","oui math , francais,svt,anglais,phisique-chimie","oui","il faut r√©viser","non","je souhaite √™tre pompier feu","espagnol","non","non","on m'explique doucement"," shimaor√©","oui","non","chaises","il nous explique tout","","","",""
"2022/05/31 7:52:46 AM UTC+3","14","college de ouangani","4eme","ouangani","5h","8","les le√ßons","2h","6h","8","oui, massonier","non","non","non ,pas encore","r√©viser","oui , j'ai chang√© de d√©partement","mannequin","l'espagnole","non ","non","non","le malgashe","non","non","aucun de tout ca ne m'influe pas dans ma r√©ussite","les triangles semblables","","","",""
"2022/05/31 7:53:31 AM UTC+3","13","college de ouangani","4√©me","kanani","2 heures","6;4;2","les calcules ","3 heures","1heures","4 √† 6","institutrice ","non","non, maintenant oui en francais","Jesp√®re l'obtenire","etre atentif","non","J'aimerais voyager dans un autre pays pour aller poursuivre mes √©tudes, Bac Pro.","technologie","non","rien","Parceque je comprent mieux","Le Maor√©","oui","OUI ","chaise","les pitagore","","","",""
"2022/05/31 7:53:47 AM UTC+3","14 ans","college de ouangani","408","commune de ouangani","1h","5","plein d'exercices"," 1h","30 minuite","5","oui fonctionnair ","non","non","non","comprendre","non","je sais pas","mathematique francais","non","non","non c est difficil","shimaore","oui","oui 2","n'influe pas ma reussite","theoreme de pytagore il y a beaucoup d'etape","","","",""
"2022/05/31 7:54:21 AM UTC+3","13ans","Coll√©ge Ouangani ","4√©me","Barakani","2heures ","3","Les fractions.","3heures ","2heures","5","Oui, instituteur, Conseill√®re √† l'ADI.","Non.","Non.","J'esp√®re l'obtenir. ","Il faut beaucoup de concentration.","Oui, j'ai appris beaucoup de choses. ","Une fois le bac obtenu j'aimerais etre en √©cole d'infirmier, Bac g√©n√©ral.","Oui, j'ai des regret j'aurais aimer √©tudier l'Allemand ","Non. ","Oui, en fran√ßais et en technologie.","La fa√ßons d'ont ont m'explique.","Le Mahorais.","Oui.","Oui, j'ai acc√®s a internet chez moi, plusieurs devoirs.","Tous influe sur ma r√©ussite.","J'en ai retenue aucun.","","","",""
"2022/05/31 7:55:19 AM UTC+3","14 ans","college de ouangani","408","ouangani","3 heurs","8;12","des calcules","6 heurs","5 heure","9","non","non","no n","oui","attentif et consentr√©","non","sage femme","math svt anglais ","non","oui dans tout les mati√©re","parce que ses ma lanque maternelle","shimaor√©","oui","non","am√©nagement lieu pour travaller","des fraction","","","",""
"2022/05/31 7:56:50 AM UTC+3","15 ans","college de ouangani","4eme","barakani","16 heur","7;5","geometrie","16 heur","15 minute","7","non","non","non","je ses pas","geometri","non","bag+12","tecnologie","non","chibouchi","parce que je sui nait ici ","chimaor√©","theoreme de pitagore","non","oui","j aime pas parceque c est conpliqu√©","","","",""
"2022/05/31 7:57:39 AM UTC+3","14","college de ouangani","408","ouangani","1heur","10;20","calcule mentale","1heur","1heur","5√†6","non","oui au lyc√©e de kahani","oui en svt ,fran√ßais ,anglais et phisique-chimie","oui","√™tre atantif et apprendre ses le√ßons","oui","je souhaite √™tre productrice","l'histoire-g√©ographie","non","oui","math","le chimaor√©","oui","non","am√©nagement des lieux pour travailler","les fraction","","","",""
"2022/05/31 7:59:34 AM UTC+3","14","college de ouangani","4 √®me","commune de ouangani","30 minuite","9;8","je sais pas","30 minuite","30 minuite","9","oui il travail .  masson","non","non","non","reviser","non","je sais pas","arabe","non","oui  math, anglai,physique chimi","je sais pas","shimaore","oui","oui 1","non ","jais rien retennu","","","",""
"2022/05/31 8:03:52 AM UTC+3","12ans","Coll√®ge Ouangani ","4√©me ","Kahani","1heure","2","ce qui peut me faire evoluer que le professeurs explique mieux.","parfois 4heures","3heure","sur une √©chelle de 2","Oui, Femme de m√©nage en salle de hip-hop.","Non.","Oui, je comprenait pas.","J'esp√®re.","√©couter.","J'ai √©voluer de plus en plus.","Continuer mes √©tudes. ","Non je n'est aucune regret. Allemand ","Non.","Oui. Dans tous les cours car j'ai des difficult√©s a comprendre parfois.","Ont m'explique.","Le Mahorais."," Oui.","Non. 3devoirs.","tous sons influe.","Les calculs ","","","",""
"2022/06/01 5:20:35 AM UTC+3","22 ans","Lyc√©e de lumi√®res kaweni","1mcvAPP","Koungou","2heur ou par fois 3h","6","Revision","2h","2H","6 √† 8","Non, il font rien ","Non ","Oui, maths et fran√ßais ","Aux coll√®ges k2","De r√©viser et bien √©couter en cour il me manque de concentration ","Changement comment pas bien compris la question","Ce de continuer mes √©tudes ou si on me propose un CDI je contunierais de travailler pour m'occuper  de moi et de ma fille et de mon avenir.","MATS, FRAN√áAIS ET UN PEUT D'ANGLAIS AUSSI","Oui un peut ","Oui","Ce un peut dificile a explique , parfois je comprends bien ce que je lit mes je hesite a repondre la question","Ce shimahorais ( Mayotte)","Oui","Oui","√âchanger entre amis ","Je ne se pas encore","Pas bien compris","","",""
"2022/06/01 4:07:24 PM UTC+3","16","LPO Dembeni","Terminal ","Mamoudzou ","0","5","Motivation ","0","0","5","Fonctionnaires ","Non","Non","Oui","Motivation et du travail ","Oui de bon r√©sultat ","Pentester ","L‚Äôinformatique ","Non","Non","L‚Äô√©coute ","Fran√ßais ","Oui","Oui","Bancs","Une flemmardise ","Plus d‚Äôenseignement sur l‚Äôinformatique serait n√©cessaire ","","",""
"2022/06/01 4:41:31 PM UTC+3","17 ans","Lyc√©e polyvalent de Dembeni ","Terminal ","M‚ÄôTsangamouji ","0 heure","5","Les bons profs","1 heure ","0 heure ","4","Enseignante / √©ducateur √† l‚Äôinsertion au travail ","Non","Non","Au coll√®ge de M‚ÄôTsangamouji ","Consacrer son temps √† refaire et re apprendre les diff√©rentes formules apprises","Je m‚Äôint√©resse plus √† la litt√©rature ","√âcole tourisme, actuel spe ses et hggsp + option dgemc ","L‚Äôanglais ","Non","Des cours ","La clart√©, les termes sont bien utilis√©s ","Shibushi","Oui ","Oui, l√† majorit√© ","peuvent diff√©rencier ton mode de travail et voire le rendre meilleur ","Th√©or√®me de thales","Il suffit d‚Äôavoir un bon prof pour un √©l√®ve qui veut apprendre pour bien comprendre. Mais apr√®s l‚Äôinvestissement de l‚Äô√©l√®ve peut en effet changer la donne ","","",""
"2022/06/01 4:54:30 PM UTC+3","17","Younoussa Bamana ","Terminal ","Mtsapere ","2","5","Video YouTube ","1","2","5","Oui restauration ","Non","Oui histoire g√©ographie ","M'Gombani ","Bien √©cout√© ","Oui en management ","Mercatique faire un bts management commercial op√©rationnel ","Philosophie mati√®re que j'aurais pr√©f√©r√© √©tudier davantage ","Non ","Non","Non","Mahoraise","Oui","Oui beaucoup ","On peux √©cout√© pour r√©ussir les examens si ce l√† ce fais dans un lieu incomfortable ","Pythagore Pythagore on joue avec les nombre","Neutre difficile ","","",""
"2022/06/01 5:21:50 PM UTC+3","17","Lpo Dembeni ","Premi√®re ","Mamoudzou","1 heures ","7","Les cours de soutiens ","0","8 heures ","7","ATSEM","Non ","Oui , en physique ","Oui","Beaucoup de travail et d‚Äôapprofondissement ","Oui , au d√©but j‚Äô√©tais plus attir√© par les mati√®res scientifiques maintenant je suis plus attirer par les sciences √©conomiques et par la g√©opolitique ","Aller √† l‚Äôuniversit√© pour fait un master AES . Mes sp√©cialit√©s: Maths / HGGSP/ SES","Oui j‚Äôen ai , j‚Äôaurais pr√©f√©r√© prendre Espagnol ","Non ","Oui","Parce que c‚Äôest plus compr√©hensible. Ce sont des termes que je connais ","La Shimaor√© ","Non ","Oui . Pratiquement tout ","Travailler dans de bonnes conditions am√©liore le taux de r√©ussite ","La trigonom√©trie. J‚Äôaime cette notion car c‚Äôest celle qui m‚Äôa paru le plus facile ","Hyper passionnant mais trop stressant ","","",""
"2022/06/01 9:14:49 PM UTC+3","18","LPO DEMBENI","Terminal","Dembeni","0","6","L'envie de r√©soudre un probl√®me ","0","1","6","Fonctionner","Non","Math√©matique sp√©cialit√©s ","Dembeni","De l'envie d'y resoudre comme Elon Musk","Oue , mon manque de confiance ","Faire de la G√©ographie ","Faire de L'EPS","Non","Non","Hein?","Le fran√ßais","Oui","Oui et plusieur devoir 1/2","Il donne plus de confort ","Les fractions , ","J'ai perdu mon esprit math√©matique par manque de confiance en moi ","","",""
"2022/06/07 8:33:57 AM UTC+3","14","coll√®ge de Ouangani","405","commune de Ouangani ","0","7","travails a l'√©cole","0","0","7","oui","non","non","pas encore","travailler a l'√©cole","non","je sais pas encore","non","non","non","je comprend tr√®s bien le Fran√ßais","le shimaore","oui","non","un peu","les calculs","depuis la sixi√®me les profs de math que J'ai eu mon bien enseigner les cours et je crois de demain j'aurai une belle vie gr√¢ce au math√©matique je remercie tout mes profs de maths merci a vous !","","",""
"2022/06/07 8:36:10 AM UTC+3","14 ans","college de Ouangani","405","Ounagani","0","9","avoir etait attentif en classe ma fais evoluer","0","0","9","oui ils travaillent . pere EDM mere EDM","non ","non au contraire "," je suis en 4√©me mais je suis confiant et suis sure d'avoir mon brevet","etre attentif et essayer de bien comprendre ","non ","je vais essayer de faire mon entreprise apr√®s mes ann√©es d'√©tudes ","non . l'anglais pour m'aider a parler au monde ","je n'ai pas de difficult√© en math ni en science","oui . division en 6√©me","j'ai grandis avec cette langue et je le parle tr√®s souvent","Mahorais ","oui","oui j'ai acc√®s a internet . 5 ou 10 ","si on est confortablement install√© sa influe sur notre reusite ","les multiplications sa aides beaucoup dans la vie ","Ils faut adapter ou aider les personne en difficult√© selon leurs class qu'importe l'age ( cours particulier , cours de soutiens etc... )
","","",""
"2022/06/07 8:37:22 AM UTC+3","14","college de Ouangani","405","ouangani","0 heures","4","il a augment√© car notre proffesseur explique bien","0 heures","0 heures","4","caissiere/vendeuse et magasinier","non","    oui, physique chimie","non,je suis en quatrieme","de l'intelligence et la logique","non","BAC general sage femme ou ginecologue je suis au college","je suis en quatrieme","non","non","rien je comprens deja en fran√ßais","kiboushi et  kimaore","ouais","oui, 0 devoirs necessitant une connexion","rien","rien","pas compris","","",""
"2022/06/07 8:38:57 AM UTC+3","13","E15","405","ouangani","1h","8","je c'est pas","2h","1h","5","il fait pas","non","anglais francais maths","pas encore","reviser cosentr√©","non","fair de metier ","pompier","francais","oui","langue fracais","lague mahorais","oui","je pas de internet che moi","chaises","le geographi","je c'est pas","","",""
"2022/06/07 8:41:33 AM UTC+3","13 ans","college de ouangani","405","ouangani","1 heures","5","la prantisage des mathematiques","2 heures","je parle deja francais","5","ma mere est professeur ","non","en math","je suis en 4 eme","ecoutes etre attentif","oui","Bac general","non histoires geoghraphie","non","oui","car je conprend la langue plus mieux que le francais","le mahorais","oui","oui 6 exercices","sa n influs pas ma reussite","j aime les math car j aapprend beaucoup de choses","j aime etudier les math est apprendre beaucoup de choses","","",""
"2022/06/07 8:41:59 AM UTC+3","13 ans","college de ouangani","405","ouangani","4 heures ","9","oui les cours de math√©matiques sur internet ,et les r√©visions √† la maison.","2 heures ","1 heures","9","oui ils travaillent , ma m√®re est enseignante et mon p√®re est gestionnaire","non je ne re√ßois pas de cours particuliers","non","non","ce qu il faut pour reussir en maths c'est l'explication du professeur","non y'en a pas","continuer mes √©tudes de m√©decine","oui , l'histoire-g√©ographie","non elle ne sont pas li√©es √† √ßa","non j'en ai pas  .","malheuresment c'est non.","ma langue maternelle shimaor√©","oui je suis n√©e  sur le territoire de mayotte","oui , 1 devoirs faits n√©cessitait une connexion.","sa influe au niveau de la propret√© .","aucune","J'ai pas compris vous pouvez reformulez la phrase s'il vous plait.","","",""
"2022/06/07 8:45:21 AM UTC+3","14ans","coll√®ge de Ouangani","405","OUANGANI","0HEURE","1","ADDITION","JE REVISE PAS","1MINUTE","JE SAIS PAS","OUI,JE SAIS PAS ","NON","OUI ESPAGNOL,PHISIQUE CHIMIE ET MATHS","NON JE SUIS EN 4√©me","la connaissance","oui, j'ai appris des choses que je connaissais pas","BAC PRO (chef cuisini√®re)","oui, L'arabe","non les profs ne savent pas expliquer","je sais pas","parce que sais ma langue maternelle","MAORE","OUI","OUI,0 devoir","oui ","addition, c'est plus facile","c'est difficile WESH","","",""
"2022/06/07 8:53:24 AM UTC+3","16","coll√®ge de Ouangani","405","commune de Ouangani","0","3","travailler","3","4","3","non","non","oui maths","pas encore","travailler","non","pas encore","non","non","oui","j'ai pas compris","le shimaore","oui","non","non","calculs mentals","je sais pas
","","",""
"2022/06/07 8:53:51 AM UTC+3","14 ans","college de Ouangani","405","Ouangani","0","3","reviser","0","0","3","ne travaillent pas","non","non","non je suis en 4√©me","la multiplication","non","pompier","oui j'ai des regrets . EPS","non","oui.math","je suis n√©e avec","shimaorais","oui","non","non","l'additions.C'est plus FACILE QUE LA MULTIPLICATIONS","NON","","",""
"2022/06/07 8:53:55 AM UTC+3","14","E15","405","ouangani","3h","10","ga me","3h","1h","je de difuculte","me parents travail pas","non","anglais. physique. francais","je su an 40eme","madame AMBDI","non","je su an 40eme","non","anglais","non","je se pas","je pas","non","non je pas de connexion","oui","divition","non","","",""
"2022/06/07 9:21:11 AM UTC+3","14ans","college de ouangani","401","ouangani","1heures","5","des aides","1heures","2heures","3","non","non","oui mathematique et physique-chimie","college de ouangani","faut etre concentrer","oui mon niveau baisse","je vais faire concoure de gendarmerie","francais",",",",",",","chibouchi","oui","oui",",","j'ai retenu les calcules  ",",","","",""
"2022/06/07 9:29:48 AM UTC+3","13","coll√®ge de Ouangani","401","Barakani","3 heures","5","beaucoup d'explications","1 heures","4 heures 4","4","je sais pas","oui","fran√ßais Anglas Maths espagnol","college de Ouagani","je sais pas","oui et je sais pas ","je sais pas","je sais pas","non","oui","les consigne","le shimaor√©","oui","non","oui","oui",".","","",""
"2022/06/07 9:30:10 AM UTC+3","13","college de ouangani","401","ouangani","5","5","je ne sais pas","10","5","8","oui ils travaillent","non","non","college de ouangani","je ne sais pas","non","je veux cr√©er un entreprise","non","non","non","je ne sais pas","le chimaore","oui","oui j'ai acc√®s √† internet","am√©nagement des lieux pour travailler ","les puissance je l'aime car c'est simple","j'ai rien √† redire sur le syst√®me","","",""
"2022/06/07 9:30:37 AM UTC+3","14","college de ouangani","401","ouangani","2heures","4","je sais pas","4heure","6 ou 7 heure","5","non","non","non","college de ouangani","des aides","oui ","avoir mon propre salon de maquillage","mathematique","non","oui","je comprend mieux parceque sais ce que j'enttend tout le temps","shimaore","oui","oui 1heures",".","je trouve que ses trop dificile ","0","","",""
"2022/06/07 9:31:30 AM UTC+3","14","college de ouangani","4¬∞1","HAPANDZA","0","5","REVISION","1HEURE","2HEURE","5","TRAVAILLE PAS","NON","OUI MATH ET PHYSIQUE","NON JE SUIS EN 4¬∞","REVISION","OUI LES MATIERES","BAC GENERAL MEDECIN","L'anglais","oui","oui","oui car je comprend mieux la langue maternelle que les fran√ßais","ma langue maternelle c'est le chimaorais","non","non","les salles sont bien rang√©e alors on peut bien travaill√©e","j'aime pas les fraction","c'est bien mais parfois difficile ","","",""
"2022/06/07 9:32:29 AM UTC+3","14","coll√®ge de ouangani.....................................................","401","ouagani","11h72","10;9;8;7;6;5;4;3;2;1;ving douze","theor√®me de pylaogori","1h00","72h25","mon iveau et de 100%","EMTRYPRISSE de papion","non inbesille               ","oui mon pertry ","bien amigo                                                ","Il faut tricher","en france et la belgyque","mai prog√®s pour mon bac ses de  faire une emtriprisses porno","chinnoi poirno","mavouzie","mon coeur","sucidation","chinoi","je suis nai en belgyque","oui je reguarde des poire","inde nom ses pauvre","nuculaire","comment detruire le monde","","",""
"2022/06/07 9:33:56 AM UTC+3","15ans","college de ouangani","401","ouangani","1heures","7","l'anglais","1heures","45minutes","7","non","non","oui mathe et physique chimie","college de ouangani","reviser et se concentrer","oui ","bac general infirmiere","les mathematique et physique chimie","oui","oui","par ce qu'on comprend la langue maternelle que le francais","la langue mahorais","non","oui 3","les salle d'informatique sont bien equipe de tout ce qu'on a besoin","je n'aime pas les expressions litteral","c'est tres difficile","","",""
"2022/06/07 9:35:56 AM UTC+3","14","college de ouangani","401","ouangani","2heure","10","r√©visse a la messon","1heure","2heure","10","electriq","oui","l'histoire ","j'aimrai oui","conetre les table de multiplication","oui","etre s√©curite ","eps","apeupre oui","oui","qand jai coute je compren mieux","francais","oui","non","je sai pas","les fraction","oui","","",""
"2022/06/07 9:37:17 AM UTC+3","13ans","college de ouangani","401","ouangani","2heures","4","1heures","2heures","2heures","5 ou4","non","non","mathematique et physique chimique","college de ouangani","√†  l'ecole","non ","pompier","fran√ßais","non","oui","parce que ya quelquin qui mesplique en chimaor√©","shimaor√©","oui","non","oui","oui je l'aime",".","","",""
"2022/06/07 9:38:17 AM UTC+3","14","college de ouangani","4eme1","ouangani","0 heure","7","revision","1 heure","1 heure","7","non","non","mathematique et phisique_chimi","college de ouangani","revise mes lesson","non","je ne c' est pas","non","non","oui","fran√ßais","chimaore","non","non j'ai pas internet","j'aime pas l'am√©nagement de la sale","th√©or√®me de phytagore","difficile","","",""
"2022/06/07 9:38:41 AM UTC+3","13EN EDMI","UOINGANI","401","BARAKANI","2HEUR","10","PITAGORY","7","5","10","NON","NON","TECHNO","NON","REVISION","7","NON","OUI","MAYOT","NON","NON","PION","NON","OUI","NON","OUI","NON","","",""
"2022/06/07 9:39:10 AM UTC+3","14.","coll√®ge de ouangani.","4¬∞1.","OUANGANI.","5min.","3","J'ai un livre de math cher moi pour r√©viser.","25min.","1h00.","5.","Mon p√®re et un fonctionnaire Ma m√®re et commer√ßant","non","non","Coll√®ge de ouangani","De r√©viser","non","Je vais continuer mais √©tude ","non(Histoire g√©ographie)","non","non","non","malgache fran√ßais mahoraise","oui mamoudzou","oui(Je sais pas)","Ils ont en bonne √©tat","Un peux beaucoup.","C'est trop dure pour expliquer maintenant.","","",""
"2022/06/07 9:40:35 AM UTC+3","14","coll√©ge de ouangani","401","ouangani","10mini","5","tout","40 minit","50 mini","4","il travail ","non","non","coll√©gede ouangani"," revise ","non","je sais pas","math√©matique","non","non","non","mahoraise","non","non","oui","rien","math√©matique je aime bien","","",""
"2022/06/07 9:41:15 AM UTC+3","14","coll√®ge de Ouangani","401","Ouangani","j'essaye de reviser les maths mais je comprend pas","1","plus d'explications pour mieux comprendre","1 heures ","1h30","1","oui et courier DRH","non","oui en math","coll√®ge de Ouangani","de la d√©termination et plus de concentrations","oui en Fran√ßais","maitre chien","non","non","non","non","malgache et shimaor√©","oui","oui et que 3 ou 4","oui","j'aime pas car je comprend rien","j'aime pas les maths , le physique chimie car je comprend rien et les autres j'aime bien","","",""
"2022/06/07 9:44:07 AM UTC+3","13 ans","COLLEGE DE OUANGANI","401","BARAKANI","2HEURE","5","fran√ßais","1heure","4heure","05 sur 10","oui ","non","oui en math√©matique","oui","faux r√©vis√©","non","bac prod","oui","oui","oui","je comprend mieux la langue maternelle que le fran√ßais","chimaor√©","oui","oui","oui les salles sont bien rang√©e","c'est difficile mais je ne comprend pas ","oui","","",""
"2022/06/07 9:47:30 AM UTC+3","15","coll√®ge de ouangani","4¬∞","BARAKANI","1","5","PLUS DE REVISION","1HEURE","2HEURE","4","NON ILS TRAVAILLENT PAS","NON","OUI ON MATHEMATIQUE","NON JE SUIS ON 4¬∞","IL FAUT REVISER PLUS","OUI JE COMMMENCE A BIEN COMPRENDRE QUELQUE MATIERE ","BAC PRO POMPIER","NON JE N'AI PAS DE REGRET,J'AURAI PREFERER ETUDIER D'AVANTAGE L'HISTOIRE","OUI","OUI","PARCE QUE JE COMPREND MIEUX LA LANGUE MATERNELLE QUE LE fran√ßais","le comorien","non","non","si c'est bien pour la reussite","les clcul","l'histoire","","",""
"2022/06/11 7:51:22 PM UTC+3","17","Lpo de dembeni ","105","Mamoudzou ","2h","7;5","Les prof de maths ","2h","2h","5 √†7","Pas travail","Non","Non","Coll√®ge de passamainty ","L envie de savoir, vouloir r√©ussir, et travailler r√©guli√®rement ","Oui,plus de travail ,c est √† dire plus de devoirs. De plus, on monte du niveau au plus il ya du travail. ","Etude sup√©rieur ","Non. L SES ,HGGSP ET MATHS"," oui un peu 
","Non pas d exemple ","Non pas d exemple ","Le schimaor√©","Oui","Non ,j ai point acc√®s a internet. √î plus 5 .","Car il me permet d √™tre alaise dans mon travail ","La r√©ciproque du th√©or√®me de Pythagore car il ya des choses qui doivent √™tre r√©ciproque afin que sa marche. ","Le monde a besoin des maths car partout il y les maths  .","","",""
"2022/09/26 3:38:12 PM UTC+3","17","BAMANA","P18STI2D","MAMOUDZOU","5H","6","L‚Äôinvestissement ","5h","3h","12","non","non","oui LV1 ET LV2 ET FRANCAIS","koungou","l'investissement","je suis de plus en plus investie ","universit√©","les ancegnement cientifique","non un peux","non","non","maores","oui","je ne sais pas","j'enais pas","il mait permet de faire des truc que j'aime"," je pas compries","","",""
"2022/11/05 2:41:28 PM UTC+3","17ans","Lyc√©e des Lumi√®res","TSTMG5","MAMOUDZOU","√ßa d√©pend","9","Plus d'explication donn√©e au professeur","2h","4h","8","Ils travaillent pas","non","Non","En classe de 3√®me au coll√®ge kaw√©ni 2","Savoir les formules","Oui mes moyennes g√©n√©rales sont plus haut que ceux du coll√®ge","Faire 3ans d'√©tudes en BTS comptable. Bac technologie Gestion Finance","J'ai pas de regret","Non","Non","Non","Ma langue maternelle depuis toute petite que mes parents m'ont appris c le fran√ßais mais comme je vis √† Mayotte je le parle aussi. Je parle plus le Fran√ßais que le Mahorais","Oui","Oui j'ai une connexion internet √† la maison","Echanger entre amis","Les suites je l'aime ","expression","","",""