Age,Etablissement,Classe,Commune de  domicile,Heures_Maths,Auto_eval_Maths,Heures_Sciences,Heures_Francais,Moyenne_Maths,Travail_Parents,Cours_Particuliers,Difficultes_6e,Lieu_Brevet,Changements_Parcours,Projets_BAC,Difficultes_Langue,Langue_Maternelle,Ne_Mayotte,Acces_Internet,Notion_Maths,Expression_Libre
16.0,Lyc√©e des Lumi√®res,Seconde,Commune de Mamoudzou,300,,1680,420.0,7.0,0.0,0,0,College kaweni 1,0,aller a l'universit√©,1,Shimaor√©,1,0,je sait pas,
16.0,Lyc√©e des Lumi√®res,Seconde,Commune de Koungou,120,,240,120.0,5.0,0.0,0,0,,1,de  faire une BTS,0,Shimaor√©,1,,les fonction,
15.0,Lyc√©e des Lumi√®res,Seconde,Commune de Koungou,120,,180,240.0,7.0,1.0,0,0,college majicavo,0,de poursuivre encore mai etude ba specialite techno ,0,Shimaor√©,1,1,les fonction parceque je comprent mieux,
15.0,Lyc√©e des Lumi√®res,Seconde,Commune de Koungou,120,,60,120.0,8.0,0.0,0,1,,1,devenir dentiste( g√©n√©rale scientifique),0,Shimaor√©,0,0, la majorit√©,
15.0,Lyc√©e des Lumi√®res,Seconde,Commune de Koungou,1,,120,60.0,1.0,0.0,0,0,majicavo lamir,1,"devenir psychologue (SES ,SVT, histoire g√©opolitiques )",0,Shimaor√©,1,1,RIEN,
16.0,Lyc√©e des Lumi√®res,Seconde,Commune de Koungou,10,,60,240.0,4.0,1.0,0,1,coll√®ge majicavo,1,entr√© dans le monde de la m√©decine ,0,Shimaor√©,1,1,j'aime pas les math car j'ai pas de bon r√©sulta ,
17.0,Lyc√©e des Lumi√®res,Seconde,Commune de Mamoudzou,180,,180,300.0,3.0,0.0,0,1,AU COLLEGE DE MAJICAVO 77,1,faire des truc pour la contabilit√©,0,Shimaor√©,1,0,je sais pas,
16.0,Lyc√©e des Lumi√®res,Seconde,Commune de Mamoudzou,540,,1200,240.0,9.0,1.0,0,0,Au Coll√®ge de Kaweni 1,1,Je ne sais pas,0,Shimaor√©,0,1,j'aime,
16.0,Lyc√©e des Lumi√®res,Seconde,Commune de Koungou,300,,1680,420.0,5.0,0.0,0,1,college kaweni 2,0,avoir un m√©tier,0,Shimaor√©,1,0,j'amai,
16.0,Lyc√©e de Demb√©ni,Premi√®re,Commune de Mamoudzou,0,,0,0.0,6.0,1.0,0,0,,0,Je sais pas,1,Shimaor√©,1,1,Les chiffres ,
17.0,Lyc√©e de Demb√©ni,Premi√®re,Commune de Mamoudzou,420,,180,840.0,9.0,1.0,1,0,,1,je suis entrain d'y r√©fl√©chir car j'h√©site.,1,Shimaor√©,1,1,"Je pr√©f√®re les calcules mais je ne sais pas pourquoi je les aime ,peut-√™tre parce que je trouve que c'est facile.",
17.0,Lyc√©e de Demb√©ni,1STI2D,Commune de Mamoudzou,30,,30,30.0,5.0,0.0,0,0,Coll√®ge de passamainty,1,BUT sur la gestion ,0,Shimaor√©,1,1,Cette ann√©e c'est dure avec notre prof,
16.0,Lyc√©e des Lumi√®res,Seconde,Commune de Koungou,420,,480,120.0,9.0,0.0,0,1,coll√®ge de koungou,0,R√©usir dans ma vie et avoir une bonne m√©tier,0,Shimaor√©,0,0,Pythagore,
16.0,Lyc√©e de Demb√©ni,Premi√®re,Commune de Chiconi,180,,240,180.0,5.0,1.0,0,0,coll√®ge de chiconi,0,Une fois le BAC obtenu j'aimerais continuer mes √©tudes en France pour faire un  BTS en biologie ,0,kibushi,1,1,Suite arithm√©tiques je l'aime pas parceque c'est difficile j'y arrives pas a le faire. ,
16.0,Lyc√©e des Lumi√®res,Seconde,Commune de Koungou,420,,480,360.0,9.0,0.0,0,1,,1,R√©usire avoir un bon m√©tier pour on avenir,0,Shimaor√©,0,0,Les pythagores,
16.0,Lyc√©e de Demb√©ni,Premi√®re,Commune de M'Tsangamouji,30,,30,30.0,5.0,1.0,0,0, ,0,Faire un BTS de 2ans ,0,kibushi,1,1,f(x)=ax¬≤+bx+c. Oui ,
17.0,Lyc√©e de Demb√©ni,Premi√®re,Commune de Dembeni,240,,240,180.0,6.0,0.0,0,0, ,0,Continuer dans tous qui est √©tudie de la science ,0,Shimaor√©,1,1,"Delta, c‚Äôest facile √† faire ",
16.0,Lyc√©e de Demb√©ni,Premi√®re,Commune de Mamoudzou,480,,360,240.0,7.0,1.0,0,1,Coll√®ge De Kwal√©,0,Sp√©cialit√©s : math√©matiques et physique-chimie . Mon projet actuel une fois le Bac obtenu est de partir en m√©tropole pour faire des √©tudes de m√©decine .,0,Shimaor√©,0,0,"Je retiens aujourd'hui toutes les notions en math√©matique car cela me permet d'√™tre plus logique dans la vie , de me pr√©parer √† la pens√©e , de raisonner de mani√®re soign√©e et de plus de r√©soudre tous les probl√®mes li√©s sur les activit√©s de la vie quotidienne . Et c'est ce qui fait que je l'ai aiment autant .",
16.0,Lyc√©e de Demb√©ni,Premi√®re,Commune de Ouangani,360,,300,240.0,6.0,1.0,0,0,,1,Je pr√©vois de passer le bac s avec les spe : SVT et PHYSIQUE CHIMIE apr√®s le bac je vais √† l‚Äôuniversit√© pour des √©tudes de sant√© ,0,Shimaor√©,1,0,Une partie des √©quations vu en seconde parceque le prof expliquer bien et la trigonom√©trie car c‚Äôest le chapitre qu‚Äôon a fait il y‚Äôa √† peine une semaine ,
17.0,Lyc√©e des Lumi√®res,Terminale,Commune de Koungou,180,,600,,5.0,1.0,0,0, ,0,J'envisage d'effectuer des √©tudes de m√©decine ,1,Shimaor√©,1,1,Fonctions,
17.0,Lyc√©e de Demb√©ni,Premi√®re,Commune de Mamoudzou,20,,20,60.0,4.0,0.0,0,0,coll√®ge de Kwale ,0,Une fois obtenu mon BAC j'aimerais faire des formations a fini de travailler,0,Shimaor√©,0,1,Je ne sais pas exactement,
17.0,Lyc√©e des Lumi√®res,Terminale,Commune de Koungou,180,,360,60.0,8.5,1.0,0,1,Koungou Mayotte ,1,"Int√©gr√© l'universit√© de biologie , Svt et physique chimie ",1,Shimaor√©,1,1,J'aime les math√©matiques gr√¢ce √† l'argent j'aime beaucoup compt√© etc ,
17.0,Lyc√©e de Demb√©ni,Premi√®re,Commune de M'Tsangamouji,240,,180,120.0,8.0,1.0,0,0,College de mtsangamouji ,0,√âtude de m√©decine.  Physique math svt actuellement et Physique svt plus math compl√©mentaire en terminale ,0,kibushi,1,1,"Statistiques, d√©riv√©, identit√© remarquable, la langues math√©matiques, suites, fonction polyn√¥me, etc. J'aime parce que je comprend avant tout et parce que j'aime les maths. Je suis moins emball√© par la g√©om√©trie , ni trigonom√©trie etc..",
19.0,Lyc√©e des Lumi√®res,BTS,Commune de Mamoudzou,0,,60,30.0,7.0,1.0,0,1,Coll√®ge de Chiconi,,Je fais d√©j√† un BTS,je sais pas,Shimaor√©,1,"oui, 1 ou 2 √ßa d√©pend",Le BFR et le FR,
18.0,Lyc√©e des Lumi√®res,Terminale,Commune de Mamoudzou,0,,240,60.0,5.0,1.0,0,0,Coll√®ge K2,0,Faire une Licence de g√©ographie. J'ai comme sp√©cialit√© sciences num√©rique informatiques et histoire g√©ographie g√©opolitique et sciences politiques ,0,Shimaor√©,1,1,Les th√©or√®mes car j'aime la g√©om√©trie ,
15.0,Lyc√©e de Mamoudzou Nord,Seconde,Commune de Dembeni,60,,60,60.0,5.0,0.0,0,0, ,0,Allez dans une √©cole de commerce puis ouvrir mon entreprise. ,0,Shimaor√©,1,1,Autre ,
16.0,Lyc√©e de Mamoudzou Nord,Seconde,Commune de Koungou,240,,60,240.0,4.0,0.0,0,0,coll√®ge majicavo,1,De continuer √† l'universit√©. Science √©conomique et sociale ,1,Shimaor√©,1,0,Nombre rationnels ,
16.0,Lyc√©e des Lumi√®res,Premi√®re,Commune de Mamoudzou,0,,300,300.0,2.0,1.0,0,0,,0,Continuer la fac ( Les litt√©rature et la langue )  ,0,Shimaor√©,1,1,Aucune notions ,
17.0,Lyc√©e des Lumi√®res,Terminale,Commune de Koungou,0,,30,120.0,2.0,1.0,0,0,Coll√®gue majicavo ,0,Devenir enseignant avec la sp√©cialit√© Humanit√© litt√©rature et philosophie ,0,Shimaor√©,1,1,La g√©om√©trie ,
20.0,Lyc√©e des Lumi√®res,BTS,Commune de Mamoudzou,120,,180,60.0,4.0,0.0,0,1,coll√®ge de passamainty,1,Gestion -Administrative ,0,Shimaor√©,1,0,Oui j'aime la fonction et la marge brut et les calcule.s,
16.0,Lyc√©e des Lumi√®res,Premi√®re,Commune de Koungou,0,,180,120.0,4.0,1.0,0,1,Coll√®ge de koungou ,plus je m'am√©liore plus les mati√®res deviennent difficiles,Faire un bac+2 et travailler en tant que aide soignante ,0,Shindzouani,0,1,"Y a beaucoup de formules et j'arrive pas √† les retenir par c≈ìur , √ßa m'arrive de les confondre ",
17.0,Lyc√©e des Lumi√®res,Terminale,Commune de Koungou,120,,360,120.0,8.5,1.0,0,0,Koungou  ,1,"Continuer avec une licence , Sp√©cialit√© Svt et Physique chimie ",1,Shimaor√©,1,1,"Les Algorithmes , j'aime les maths car c'est reli√© √† la vie peux importe o√π nous sommes on a besoin de maths",
16.0,Lyc√©e des Lumi√®res,Seconde,Commune de Koungou,300,,120,60.0,8.0,0.0,0,0,,0,Maths /physique/ ses,1,Shimaor√©,1,1,"Les statistiques car on utilise moins le cahier, on utilise beaucoup la calculatrice",
18.0,Lyc√©e des Lumi√®res,Terminale,Commune de Mamoudzou,300,,420,720.0,6.0,1.0,0,0,Coll√®ge Kaweni 2,0,Domaine scientifique ,0,Fran√ßais,1,1,Logarithme n√©p√©rien. Facile et amusant ,
16.0,Lyc√©e des Lumi√®res,Premi√®re,Commune de Koungou,720,,480,480.0,8.0,1.0,0,0,coll√®ge majicavo lamir ,1,Physique chimie math et svt ,0,Shimaor√©,1,1,√ânorm√©ment de notions comme dans les √©quations ou d autre c est la mani√®re de proc√©d√© afin d obtenir le r√©sultat qui a fait que j ai aimez ses notions ,
18.0,Lyc√©e des Lumi√®res,STMG,Commune de Koungou,60,,600,,2.0,0.0,0,0,Coll√®ge k2,1,Pour suivre me √©tudes,0,Shimaor√©,1,0,Ax+by,
16.0,Lyc√©e des Lumi√®res,Seconde,Commune de Koungou,60,,60,0.0,5.0,0.0,0,0,coll√®ge kaweni 1,0,apr√®s bac OTM faire 2ans d'√©tudes puis travailler ,0,Shimaor√©,1,0,*je retiens pas les notions ,
15.0,Lyc√©e des Lumi√®res,1st2s,Commune de Koungou,0,,180,300.0,7.0,1.0,0,0,Coll√®gue Fr√©d√©ric D'achery,0,Mourir,,Shimaor√©,0,1,"Les calculs au second degr√©, je suis perdue",
19.0,Lyc√©e des Lumi√®res,Terminale,Commune de Mamoudzou,0,,120,120.0,1.0,1.0,0,0,,1,Travailler ,0,Fran√ßais,0,1,Je d√©teste les maths ,
17.0,Lyc√©e des Lumi√®res,Terminale,Commune de Mamoudzou,0,,0,120.0,1.58,0.0,0,0,Coll√®ge de kaweni 1,0,√ätre professeur de langues,1,Shimaor√©,1,1,J‚Äôen connais pas,
17.0,Lyc√©e des Lumi√®res,Terminale STMG,Commune de Bandraboua,360,,420,120.0,5.0,0.0,0,0,Au coll√®ge K2,0,BTS Gestion de la PME,0,Shimaor√©,1,,Les ,
18.0,Lyc√©e des Lumi√®res,Terminale,Commune de Mamoudzou,0,,120,600.0,2.0,0.0,0,1,Au coll√®ge de K1,0,J'aimerais faire un BTS ou dipl√¥me d'√©tat pour √™tre assistante sociale dans le public ou priv√©.,0,Shimaor√©,1,0,Rien,
17.0,Lyc√©e des Lumi√®res,Seconde,Commune de Koungou,60,,60,60.0,5.0,1.0,0,0,Au coll√®ge de Koungou ,1,Je ne sais pas ,0,Shimaor√©,0,,Aucun ,
17.0,Lyc√©e des Lumi√®res,1 std2a,Commune de Koungou,60,,0,0.0,3.0,1.0,0,1,Oui  ,1,Apr√®s le bac je compte faire un DNMADE bijouterie en France . J‚Äôai la sp√©cialit√© art appliqu√© ,1,Creole,1,1,J‚Äôen ai aucune ,
15.0,Lyc√©e des Lumi√®res,Seconde,Commune de Koungou,60,,60,120.0,4.0,1.0,0,0,Au coll√®ge de Koungou,0,Je ne sais pas encore.,1,Shimaor√©,1,1,C'est trop compliqu√©e,
16.0,Lyc√©e des Lumi√®res,Premi√®re STMG,Commune de Mamoudzou,300,,0,120.0,9.0,0.0,0,0,Coll√®ge kaweni 2,0,Mon projet obtenu une fous apr√®s le BAC c'est de continuer mes √©tudes. Mon option est le bac technologie,0,Shimaor√©,1,1,Ce qui fait que j'aime les math√©matique c'est les chiffres et mes notes,
16.0,Lyc√©e des Lumi√®res,Seconde,Commune de Mamoudzou,300,,60,240.0,2.0,1.0,0,0,Coll√®ge kaweni 2,0,J'ai pas encore de projet ,0,Malgache,0,1,C'est trop dure ,
18.0,Lyc√©e des Lumi√®res,Terminale,Commune de Koungou,3,,0,120.0,3.0,1.0,0,0, ,1,faire un BTS,0,Shimaor√©,1,1,je n'en ai pas en particulier ,
19.0,Lyc√©e de Mamoudzou Nord,T OTM,Commune de Koungou,60,,0,30.0,7.0,0.0,0,1,,1,Bac pro transport. Je continue mes √©tudes ,1,Shimaor√©,1,1,Les suit num√©rique ,
15.0,Lyc√©e des Lumi√®res,Seconde,Commune de Mamoudzou,0,,180,360.0,6.0,0.0,0,0,Coll√®ge kaweni 1,0,"Ma sp√©cialit√© :histoire &g√©o, sciences politiques. Allez √† la fac",0,Swahili,0,0,Les √©quations  . C'est facile √† comprendre ,
20.0,Lyc√©e des Lumi√®res,Terminale,Commune de Koungou,60,,60,120.0,2.0,1.0,0,0,coll√®ges Fr√©d√©ric d'achery koungou ,1,"Pouvoir suivre des √©tudes et aller jusqu'√† ouvrir mon propre cabinet d'assistant social , je comme sp√©cialites HGGSP et SES et opt",0,Shimaor√©,0,1,Aucune je pense que c'est peut-√™tre la raison qui fait que j'aime pas les math√©matiques ,
17.0,Lyc√©e des Lumi√®res,Premi√®re,Commune de Koungou,120,,30,240.0,3.0,0.0,0,1,,1,Aller dans une √©cole sp√©cialis√©e (sp√©: hggsp et nsi),0,Shimaor√©,0,1,"Les formules, a cause du prof (c'est pas que j'aime pas, c'est que je ne COMPREND pas)",
17.0,Lyc√©e des Lumi√®res,Terminale,Commune de Koungou,120,,240,480.0,4.0,1.0,0,0,Coll√®ge Koungou,1,Je veux √™tre architecte moderne. J'√©tudierai en m√©tropole.,,Shindzouani,0,1,"La logiques des d√©monstrations, c'est siimple mais pour l'√™tre il faut travailler d'avantage.",
15.0,Lyc√©e des Lumi√®res,Seconde,Commune de Mamoudzou,60,,120,60.0,5.0,1.0,0,1,,1,St2s,0,Shimaor√©,1,1,Multiplication,
18.0,Lyc√©e des Lumi√®res,Terminale,Commune de Tsingoni,0,,0,0.0,4.0,0.0,0,1,Coll√®ge de Koungou,0,Continuer mes √©tudes faire au moins une licence en art ,1,Shindzouani,0,0,Aucune ,
15.0,Lyc√©e des Lumi√®res,Seconde,Commune de Koungou,180,,300,60.0,9.5,1.0,0,1,Coll√®ge de majicavo ( mayotte ) ,1,s√©rie g√©n√©rale ST2S : sciences sant√© et sociale  ,0,Malgache,1,1,"les m√©those , ainsi que les diff√©rents chapitre que j'aime trop",
17.0,Lyc√©e des Lumi√®res,1 agora,Commune de Mamoudzou,120,,0,0.0,5.0,0.0,0,0,,1,bts sam,1,Shimaor√©,1,0,les suite num√©rique ,
18.0,Lyc√©e des Lumi√®res,Terminale,Commune de Koungou,0,,120,,5.0,0.0,0,0,coll√®ge de koungou ,0,Apr√®s le Baccalaur√©at j'aimerais m'orienter vers la comptabilit√© et gestion des entreprises.  Sp√©cialit√© sciences de la vie et de la Terre et sp√©cialit√© Th√©√¢tre ,0,Shimaor√©,1,1,Je ne peux r√©pondre a cette question ,
15.0,Lyc√©e des Lumi√®res,Seconde,Commune de Mamoudzou,5,,5,0.0,6.0,0.0,0,0,,1,Je sais pas encore,0,Shimaor√©,0,0,Les √©quations parce que c'est facile,
16.0,Lyc√©e des Lumi√®res,Seconde,Commune de Mamoudzou,60,,30,120.0,6.0,0.0,0,0,coll√®ge Kaweni 1,0, bac pro Accueil,0,malgache et comorien,0,,probabilit√© ,
17.0,Lyc√©e des Lumi√®res,Premi√®re STMG,Commune de Koungou,120,,180,120.0,10.0,0.0,1,1,,1,Management  science de gestion √©conomie ,0,Shimaor√©,1,0,Le notion arthimetique ,
16.0,Lyc√©e des Lumi√®res,Seconde,Commune de Koungou,180,,240,60.0,8.0,1.0,0,0,coll√®ge de Majicavo Lamir,1,Je ne me suis pas encore r√©ellement d√©cid√©,0,Fran√ßais,0,1,"Les √©quations , elles sont satisfaisantes et exploitent plus la r√©flexion que les connaissances",
16.0,Lyc√©e des Lumi√®res,Premi√®re,Commune de Koungou,60,,120,60.0,,1.0,0,1, coll√®ge de Majicavo,0,Mon projet apr√®s le bac et de partir en √©cole de gendarmes ,0,Fran√ßais,1,1," j'aime La trigonom√©trie,parce que c facile et j'ai compris vite  ",
16.0,Lyc√©e des Lumi√®res,Seconde,Commune de Mamoudzou,360,,120,240.0,7.0,1.0,1,1,au coll√®ge kaweni 2,1,Une fois le bac en poche j'aimerais devenir contr√¥leur a√©rienne ou bien ost√©opathe qui sont tous deux des metiers opposer. ,0,"malgache , l'anjouanais, maore et  creo",1,1,La nation de math√©matiques que j'aime est l'arithm√©tique et l'alg√®bre car j'aime beaucoup faire des calculs,
15.0,Lyc√©e des Lumi√®res,Seconde,Commune de Koungou,60,,60,0.0,5.0,0.0,0,0,college majicavo lamir,0,lisence et master,0,Shimaor√©,1,0,jesais pas,
15.0,Lyc√©e des Lumi√®res,Seconde,Commune de Koungou,0,,30,0.0,6.0,1.0,0,1,Coll√®ge majicavo,0,√âtude sup√©rieur d'architecture ,1,russe,0,1,1+1=11 physique>>>>math,
17.0,Lyc√©e des Lumi√®res,Terminale,Commune de Mamoudzou,180,,120,60.0,5.0,1.0,0,1,au coll√®ge kaw√©ni 2,0,Devenir expert-comptable. Je fais sp√©cialit√©s maths et SES,0,Shimaor√©,1,1,Plusieurs. J'aime cette mati√®re car je suis passionn√© des chiffres,
16.0,Lyc√©e des Lumi√®res,Seconde,Commune de Mamoudzou,120,,300,180.0,5.0,0.0,0,1,Coll√®ge k1,0,Je sais pas ,0,Shimaor√©,1,1,"Oui j aime les statistiques, d√©veloppement ",
16.0,Lyc√©e de Mamoudzou Nord,Terminale,Commune de Mamoudzou,0,,180,180.0,5.0,0.0,0,0,coll√®ge de kwal√©,0,je souhaite un BTS management et commerce,0,Shimaor√©,0,0,le theor√®me de pytagore ,
18.0,Lyc√©e des Lumi√®res,Terminale,Commune de Mamoudzou,60,,180,120.0,5.0,0.0,0,0, ,1,Sciences de la vie et de la terre/ g√©n√©ral ,0,Shimaor√©,0,0,Probabilit√© .... c'est proche de la r√©alit√© ,
17.0,Lyc√©e des Lumi√®res,Terminale,Commune de Mamoudzou,120,,720,360.0,8.0,0.0,0,1,Au coll√®ge Kaweni1,1,"Apr√®s le BAC,je souhaites m'orienter vers une licence et si possible un doctorat en m√©decine",0,Shindzouani,0,1,l'exponentielle,
16.0,Lyc√©e des Lumi√®res,Seconde,Commune de Koungou,120,,120,180.0,9.0,1.0,0,1, ,,Je veux m'inscrire dans une √©cole de rugby ,0,Shimaor√©,0,,"Cest pas une questions de aimer la mati√®re le prof explique bien il fait le n√©cessaire pour que on comprend mais je crois que ce moi qui √† un probl√®me, je sais pas trop ce que j'ai avec les maths ",
17.0,Lyc√©e des Lumi√®res,Terminale,Commune de Mamoudzou,120,,240,60.0,5.0,1.0,0,1,Coll√®ge K2,,"Je souhaiterais poursuivre des √©tudes de m√©decine en licence staps acc√®s sant√© afin de devenir Masso-kin√©sith√©rapeute. 
Mes sp√©cialit√© sont : Maths et SVT.",0,Shimaor√©,1,1,"R√©soudre une √©quation. J'aime calcul√©, c'est tout. ",
18.0,Lyc√©e des Lumi√®res,Terminale STMG,Commune de Koungou,180,,540,240.0,6.0,1.0,0,0,,0,faire un BTS ,0,Shimaor√©,1,0,probabilit√©,
17.0,Lyc√©e des Lumi√®res,1mcv1,Commune de Pamandzi,240,,120,60.0,8.0,,0,0,coll√®ge de pamandzi,1,BTS MCO ou lyc√©e de sada inchallah,0,Shimaor√©,0,0,Il faut juste jou√© les intelligence,
17.0,Lyc√©e des Lumi√®res,Premi√®re STMG,Commune de Koungou,20,,60,,6.0,1.0,0,0, ,0,Gestion finance ,0,Shimaor√©,1,1,Les suites ,
16.0,Lyc√©e des Lumi√®res,Seconde,Commune de Koungou,0,,120,0.0,4.0,1.0,0,0,,0,Bhe aller √† l'universit√© ,0,Shimaor√©,1,1,Jai oublier mais on a fait un controle et jai lai reussi ,
16.0,Lyc√©e de Mamoudzou Nord,Premi√®re,Commune de Mamoudzou,60,,35,60.0,4.0,0.0,0,1,,0, Mes projet sont all√©s a l'universit√© en licence si j'ai les qualite requise ou fair un bts,0,Shimaor√©,1,0,La notion de math√©matiques que j'aime est l'√©tudes de fonction caron est pas forcement d'etre bon en maths il suffit juste d'aprendre la method,
19.0,Lyc√©e des Lumi√®res,BTS,Commune de Dembeni,240,,120,180.0,4.0,0.0,0,1,,0,BAC PRO Gestion Administratif,1,Shimaor√©,1,0,les calcules mentales ,
16.0,Lyc√©e de Mamoudzou Nord,Seconde,Commune de Koungou,300,,300,300.0,5.0,1.0,0,1, ,1,science de l ingenieur ,0,Shimaor√©,0,1,les nouveau chapitre ,
14.0,Lyc√©e des Lumi√®res,Seconde,Commune de Koungou,0,,0,0.0,4.0,1.0,0,0,,,Continuer avec des √©tudes sp√©cialis√© en Num√©rique.,0,Shimaor√©,1,0,Je ne m'en souvien pas.,
17.0,Lyc√©e des Lumi√®res,Terminale STMG,Commune de Mamoudzou,60,,180,120.0,5.0,,0,0,Coll√®ge kaweni 1,1,Une formation de droit,0,Shimaor√©,1,1,"Les probabilit√©s, le hasard ",
16.0,Lyc√©e de Mamoudzou Nord,Seconde,Commune de Koungou,420,,0,0.0,5.0,1.0,0,0, ,0,Mon projet c'est d'int√©grer l'√©cole enac pour r√©ussir mon r√™ve de pilote ,1,francais/ maore,1,1,"Vecteur, mais j'ai toujours des difficult√© ",
14.0,Lyc√©e des Lumi√®res,Seconde,Commune de Mamoudzou,60,,120,120.0,5.0,1.0,1,0,Coll√®ge kaweni 2,1,Allez √† l‚Äôuniversit√© pour esp√©rer avoir un dipl√¥me ,0,malgache et  shimaore,1,1,Les statistiques üìä parce que je trouve sa interre,
15.0,Lyc√©e des Lumi√®res,Seconde,Commune de Mamoudzou,240,,120,240.0,5.0,1.0,1,0,Coll√®ge kaweni 1,0,Je ne sais pas encore ,0,Shimaor√©,1,1,Je ne sais pas trop ,
17.0,Lyc√©e des Lumi√®res,Premi√®re,Commune de Mamoudzou,60,,30,180.0,5.5,1.0,0,0,Coll√®ge Kaw√©ni 1,1,Je voudrais en trer dans une IUT puis faire l'√©cole de m√©decine. Sp√©cialit√© maths.,0,shimaorais et kibushi,1,1,"J'ai retenue la le√ßon sur les multiples de 2,3,4,5 et 10. Mon professeur √©tait √¢g√© et nous aimions l'emb√™ter alors on n'apprenais pas nos le√ßons pour l'√©nerver . Du coup, j'ai aim√© ce cours.",
15.0,Lyc√©e des Lumi√®res,Seconde,Commune de Mamoudzou,120,,120,180.0,1.0,1.0,0,0,Coll√®ge kaweni 2,0,je sais pas encore,0,Shimaor√©,0,0,deux,
15.0,Lyc√©e des Lumi√®res,Seconde,majicavo / tsingoni,120,,180,120.0,10.0,1.0,0,1,Coll√®ge de majicavo ,0,ST2S,0,kibushi,1,0,j'aime bien les √©quation et les ensemble car c'est pas compliqu√© ,
15.0,Lyc√©e des Lumi√®res,Seconde,Commune de Mamoudzou,30,,180,60.0,4.5,1.0,0,1,Coll√®ge K2 ( kaw√©ni 2),1,"une fois le bac obtenu j'aimerais faire le m√©tier de mes r√™ve qui est sage-femme. donc je vais prendre les sp√©cialit√© Math√©matiques, SVT et Physique Chimie.",1,Shimaor√©,1,1,aucune ,
18.0,Lyc√©e des Lumi√®res,Terminale,Commune de Koungou,420,,1260,300.0,3.0,0.0,0,0,Coll√©ge majicavo lamir,0,je veux m'orienter dans la ch√©mologie,1,Shimaor√©,1,0,ce que j'ai retenu et la Trigonometrie sa ne signifie pas que je n'aime pas mais c dur a suivre,
18.0,Lyc√©e des Lumi√®res,BTS,Commune de Mamoudzou,120,4,240,180.0,5.0,0.0,0,0,Coll√®ge Kaweni ,1,Universit√© de commerce,1,Shimaor√©,1,1,Les formulaires,
17.0,Lyc√©e de Demb√©ni,Premi√®re,Commune de Pamandzi,60,7,60,240.0,7.0,0.0,0,0,,1,"Apres le bac, suivre des √©tudes de droits/hggsp,s'est maths pour les sp√© ",0,Shimaor√©,0,1,Les maths je peux les oublier tr√®s vite comme je peux men rappel√© tr√®s vite aussi avec un peu de pratique  voil√† pourquoi je les aimes ,
13.0,Coll√®ge de Ouangani,Quatri√®me,Commune de Ouangani,0,1,600,0.0,7.0,1.0,0,0,,1,DIRECTEMENT CHERCHEZ DU TRAVAIL,0,Shimaor√©,1,0,LES CALCULES MENTALE,
11.0,Coll√®ge de Ouangani,Sixi√®me,Commune de Ouangani,60,10;9;8,60,120.0,9.0,1.0,1,1,,1,euh... on va voir sa avec mes parents,n oui,Fran√ßais,1,1,des p√®rimetre,
13.0,Coll√®ge de Ouangani,Cinqui√®me,Commune de Ouangani,60,10,60,120.0,10.0,0.0,0,0,,1,je sais pas encore,0,kibushi,1,1,les nombres relatifs,
14.0,Coll√®ge de Ouangani,Cinqui√®me,Commune de Ouangani,0,5,120,60.0,8.0,1.0,1,0,,0,non,0,Fran√ßais,1,0,addition,
13.0,Coll√®ge de Ouangani,Cinqui√®me,Commune de Ouangani,240,8,60,180.0,9.0,1.0,0,0,,0,je ne sais pas,0,Shimaor√©,1,0,se mettre en col√®re,
12.0,Coll√®ge de Ouangani,Cinqui√®me,Commune de Ouangani,120,10;9,60,120.0,10.0,1.0,0,0,,0,restauration hoteleriie,0,Fran√ßais,0,1,je ne sais pas,
13.0,Coll√®ge de Ouangani,Cinqui√®me,Commune de Ouangani,0,8,120,0.0,8.0,1.0,0,0,,0,non,0,Shimaor√©,0,0,multiplier,
12.0,Coll√®ge de Ouangani,Cinqui√®me,Commune de Ouangani,120,7,120,60.0,6.0,0.0,0,1,,0,je sais pas,0,Shimaor√©,1,1,les fraction ,
12.0,Coll√®ge de Ouangani,Cinqui√®me,Commune de Ouangani,60,10;6;5,240,600.0,1.0,1.0,0,1,,0,sage femme,1,Shimaor√©,0,1,fractions,
12.0,Coll√®ge de Ouangani,Cinqui√®me,Commune de Ouangani,60,9,60,60.0,,,0,1,,0,je ne sais pas,1,kibushi,1,1,les fraction,
15.0,Coll√®ge de Ouangani,Cinqui√®me,Commune de Ouangani,0,7,60,600.0,8.0,1.0,1,0,,0,milit√©re,0,Shimaor√©,1,1,franctions,
12.0,Coll√®ge de Ouangani,Cinqui√®me,Commune de Ouangani,0,4,240,120.0,4.0,1.0,1,0,,0,non,0,Shimaor√©,1,0,je sais pas,
12.0,Coll√®ge de Ouangani,Cinqui√®me,Commune de Ouangani,60,7,60,60.0,4.0,1.0,0,0,,0,non,1,Shimaor√©,1,1,multiplication,
13.0,Coll√®ge de Ouangani,Cinqui√®me,Commune de Ouangani,0,8,180,120.0,7.0,1.0,1,1, ,0,foot balleur ,0,Shimaor√©,1,1,Multiplication Addition ,
12.0,Coll√®ge de Ouangani,Cinqui√®me,Commune de Ouangani,60,10,120,60.0,5.0,1.0,0,0,,0,NON,0,francais  et mayotte,0,1,Calcule lit√©rale parce que j'adore le faire.,
12.0,Coll√®ge de Ouangani,Cinqui√®me,Commune de Ouangani,240,9,60,120.0,9.0,1.0,1,0,,0,je ne sait pas,1,Shimaor√©,1,0,addition,
13.0,Coll√®ge de Ouangani,Cinqui√®me,Commune de Ouangani,0,2,0,0.0,1.0,1.0,0,1, ,1,pompier,1,Shimaor√©,1,0,fraction,
13.0,Coll√®ge de Ouangani,Cinqui√®me,Commune de Ouangani,900,9,180,0.0,5.0,0.0,0,0,,0,Non,0,Shimaor√©,1,1,ADDITION,
13.0,Coll√®ge de Ouangani,Cinqui√®me,Commune de Ouangani,180,8,180,240.0,8.0,0.0,0,1,,1,non,0,Fran√ßais,1,1,les additions ,
11.0,Coll√®ge de Ouangani,Cinqui√®me,Commune de Ouangani,60,10,20,50.0,10.0,1.0,0,1,,1,je suis en 5√©me,0,Shimaor√©,1,1,addition,
13.0,Coll√®ge de Ouangani,Cinqui√®me,Commune de Ouangani,120,8,180,60.0,8.0,1.0,0,0,,0,NON,0,Fran√ßais,0,1,"scratch, additions, multiplications",
13.0,Coll√®ge de Ouangani,Cinqui√®me,Commune de Ouangani,0,8,60,60.0,2.0,1.0,0,1,,0,JE NE SAIS PAS,1,Shimaor√©,0,0,SCRATCH,
13.0,Coll√®ge de Ouangani,Quatri√®me,Commune de Ouangani,60,7,180,60.0,5.0,0.0,0,0,college de ouangani,1,personnelement je sais pas j'y reflechis toujours,0,Shimaor√©,1,1,j'aime pas parce que je comprend rien du tout ,
13.0,Coll√®ge de Ouangani,Quatri√®me,Commune de Ouangani,60,1,0,0.0,,1.0,0,1,,0,dileur ,0,kibushi,1,1, th√©or√®me de pythagore ,
14.0,Coll√®ge de Ouangani,Quatri√®me,Commune de Ouangani,300,9,120,360.0,9.0,0.0,1,0,,0,"√©tudes de dentiste , math√©matique",1,Shimaor√©,0,0,le th√©or√®me de phytaguore,
14.0,Coll√®ge de Ouangani,Quatri√®me,Commune de Ouangani,15,9,120,15.0,9.0,1.0,0,0, ,0,bac+12  chirugie,0,kibushi,1,1,th√©or√®me ,
13.0,Coll√®ge de Ouangani,Quatri√®me,Commune de Ouangani,180,5,60,240.0,5.0,0.0,0,1,,0, mon projet est de continuer avec du BTS  et insi de suite,0,Shimaor√©,1,1,les calculs,
14.0,Coll√®ge de Ouangani,Quatri√®me,Commune de Ouangani,120,8;19,240,120.0,8.0,1.0,0,0,,0,edu soignante,0,Shimaor√©,1,1,j comprent rien en math,
13.0,Coll√®ge de Ouangani,Quatri√®me,Commune de Ouangani,0,10;15,300,,,0.0,0,1,,1,je voudrai etre gendarm ou police,0,Shimaor√©,1,0,ont na pas encor de maths,
14.0,Coll√®ge de Ouangani,Quatri√®me,Commune de Ouangani,15,9,15,15.0,9.0,1.0,0,0,,0,bac+12 chirurgie,0,kibushi,1,1,les th√©or√®mes ,
13.0,Coll√®ge de Ouangani,Quatri√®me,Commune de Ouangani,120,5,60,60.0,5.0,0.0,1,1,,0,je souhaite √™tre pompier feu,0,Shimaor√©,1,0,il nous explique tout,
14.0,Coll√®ge de Ouangani,Quatri√®me,Commune de Ouangani,300,8,120,360.0,8.0,1.0,0,0,,1,mannequin,0,Malgache,0,0,les triangles semblables,
13.0,Coll√®ge de Ouangani,Quatri√®me,Commune de Ouangani,120,6;4;2,180,60.0,6.0,1.0,0,0,,0,"J'aimerais voyager dans un autre pays pour aller poursuivre mes √©tudes, Bac Pro.",0,Shimaor√©,1,1,les pitagore,
14.0,Coll√®ge de Ouangani,Quatri√®me,Commune de Ouangani,60,5,60,30.0,5.0,1.0,0,0,,0,je sais pas,0,Shimaor√©,1,1,theoreme de pytagore il y a beaucoup d'etape,
13.0,Coll√®ge de Ouangani,Quatri√®me,Commune de Ouangani,120,3,180,120.0,5.0,1.0,0,0,,1,"Une fois le bac obtenu j'aimerais etre en √©cole d'infirmier, Bac g√©n√©ral.",0,Shimaor√©,1,1,J'en ai retenue aucun.,
14.0,Coll√®ge de Ouangani,Quatri√®me,Commune de Ouangani,180,8;12,360,300.0,9.0,0.0,0,0,,0,sage femme,0,Shimaor√©,1,0,des fraction,
15.0,Coll√®ge de Ouangani,Quatri√®me,Commune de Ouangani,960,7;5,960,15.0,7.0,0.0,0,0,,0,bag+12,0,Shimaor√©,,0,j aime pas parceque c est conpliqu√©,
14.0,Coll√®ge de Ouangani,Quatri√®me,Commune de Ouangani,60,10;20,60,60.0,6.0,0.0,1,1,,1,je souhaite √™tre productrice,0,Shimaor√©,1,0,les fraction,
14.0,Coll√®ge de Ouangani,Quatri√®me,Commune de Ouangani,30,9;8,30,30.0,9.0,1.0,0,0,,0,je sais pas,0,Shimaor√©,1,oui 1,jais rien retennu,
12.0,Coll√®ge de Ouangani,Quatri√®me,Commune de Ouangani,60,2,240,180.0,2.0,1.0,0,1,,1,Continuer mes √©tudes. ,0,Shimaor√©,1,0,Les calculs ,
22.0,Lyc√©e des Lumi√®res,1mcvAPP,Commune de Koungou,120,6,120,120.0,8.0,0.0,0,1,coll√®ges k2,,Ce de continuer mes √©tudes ou si on me propose un CDI je contunierais de travailler pour m'occuper  de moi et de ma fille et de mon avenir.,1,Shimaor√©,1,1,Je ne se pas encore,Pas bien compris
16.0,Lyc√©e de Demb√©ni,Terminale,Commune de Mamoudzou,0,5,0,0.0,5.0,1.0,0,0,,1,Pentester ,0,Fran√ßais,1,1,Une flemmardise ,Plus d‚Äôenseignement sur l‚Äôinformatique serait n√©cessaire 
17.0,Lyc√©e de Demb√©ni,Terminale,Commune de M'Tsangamouji,0,5,60,0.0,4.0,1.0,0,0,coll√®ge de M‚ÄôTsangamouji ,1,"√âcole tourisme, actuel spe ses et hggsp + option dgemc ",0,kibushi,1,1,Th√©or√®me de thales,Il suffit d‚Äôavoir un bon prof pour un √©l√®ve qui veut apprendre pour bien comprendre. Mais apr√®s l‚Äôinvestissement de l‚Äô√©l√®ve peut en effet changer la donne 
17.0,Lyc√©e Younoussa Bamana,Terminale,Commune de Mamoudzou,0,5,60,120.0,5.0,1.0,0,1,Coll√®ge M'Gombani ,1,Mercatique faire un bts management commercial op√©rationnel ,0,Shimaor√©,1,1,Pythagore Pythagore on joue avec les nombre,Neutre difficile 
17.0,Lyc√©e de Demb√©ni,Premi√®re,Commune de Mamoudzou,60,7,0,480.0,7.0,1.0,0,1,,1,Aller √† l‚Äôuniversit√© pour fait un master AES . Mes sp√©cialit√©s: Maths / HGGSP/ SES,0,Shimaor√©,0,1,La trigonom√©trie. J‚Äôaime cette notion car c‚Äôest celle qui m‚Äôa paru le plus facile ,Hyper passionnant mais trop stressant 
18.0,Lyc√©e de Demb√©ni,Terminale,Commune de Dembeni,0,6,0,60.0,6.0,1.0,0,1,Coll√®ge Dembeni,1,Faire de la G√©ographie ,0,Fran√ßais,1,1,"Les fractions , ",J'ai perdu mon esprit math√©matique par manque de confiance en moi 
14.0,Coll√®ge de Ouangani,Quatri√®me,Commune de Ouangani,0,7,0,0.0,7.0,1.0,0,0,,0,je sais pas encore,0,Shimaor√©,1,0,les calculs,depuis la sixi√®me les profs de math que J'ai eu mon bien enseigner les cours et je crois de demain j'aurai une belle vie gr√¢ce au math√©matique je remercie tout mes profs de maths merci a vous !
14.0,Coll√®ge de Ouangani,Quatri√®me,Commune de Ouangani,0,9,0,0.0,9.0,1.0,0,0, ,0,je vais essayer de faire mon entreprise apr√®s mes ann√©es d'√©tudes ,,Shimaor√©,1,1,les multiplications sa aides beaucoup dans la vie ,"Ils faut adapter ou aider les personne en difficult√© selon leurs class qu'importe l'age ( cours particulier , cours de soutiens etc... )
"
14.0,Coll√®ge de Ouangani,Quatri√®me,Commune de Ouangani,0,4,0,0.0,4.0,1.0,0,1,,0,BAC general sage femme ou ginecologue je suis au college,0,kiboushi et  kimaore,1,1,rien,pas compris
13.0,e15,Quatri√®me,Commune de Ouangani,60,8,120,60.0,5.0,1.0,0,1,,0,fair de metier ,,Shimaor√©,1,0,le geographi,je c'est pas
13.0,Coll√®ge de Ouangani,Quatri√®me,Commune de Ouangani,60,5,120,0.0,5.0,1.0,0,1,,1,Bac general,0,Shimaor√©,1,1,j aime les math car j aapprend beaucoup de choses,j aime etudier les math est apprendre beaucoup de choses
13.0,Coll√®ge de Ouangani,Quatri√®me,Commune de Ouangani,240,9,120,60.0,9.0,1.0,0,0,,0,continuer mes √©tudes de m√©decine,0,Shimaor√©,1,1,aucune,J'ai pas compris vous pouvez reformulez la phrase s'il vous plait.
14.0,Coll√®ge de Ouangani,Quatri√®me,Commune de Ouangani,0,1,0,60.0,,1.0,0,1,,1,BAC PRO (chef cuisini√®re),0,Shimaor√©,1,1,"addition, c'est plus facile",c'est difficile WESH
16.0,Coll√®ge de Ouangani,Quatri√®me,Commune de Ouangani,0,3,180,240.0,3.0,0.0,0,1,,0,pas encore,0,Shimaor√©,1,0,calculs mentals,"je sais pas
"
14.0,Coll√®ge de Ouangani,Quatri√®me,Commune de Ouangani,0,3,0,0.0,3.0,0.0,0,0,,0,pompier,0,Shimaor√©,1,0,l'additions.C'est plus FACILE QUE LA MULTIPLICATIONS,NON
14.0,e15,Quatri√®me,Commune de Ouangani,180,10,180,60.0,,0.0,0,1,,0,je su an 40eme,,,0,0,divition,non
14.0,Coll√®ge de Ouangani,Quatri√®me,Commune de Ouangani,60,5,60,120.0,3.0,0.0,0,1,college de ouangani,1,je vais faire concoure de gendarmerie,,kibushi,1,1,j'ai retenu les calcules  ,","
13.0,Coll√®ge de Ouangani,Quatri√®me,Commune de Ouangani,180,5,60,240.0,4.0,0.0,1,1,college de Ouagani,1,je sais pas,0,Shimaor√©,1,0,oui,.
13.0,Coll√®ge de Ouangani,Quatri√®me,Commune de Ouangani,0,5,600,300.0,8.0,1.0,0,0,college de ouangani,0,je veux cr√©er un entreprise,0,Shimaor√©,1,1,les puissance je l'aime car c'est simple,j'ai rien √† redire sur le syst√®me
14.0,Coll√®ge de Ouangani,Quatri√®me,Commune de Ouangani,120,4,240,420.0,5.0,0.0,0,0,college de ouangani,1,avoir mon propre salon de maquillage,0,Shimaor√©,1,1,je trouve que ses trop dificile ,0
14.0,Coll√®ge de Ouangani,Quatri√®me,Commune de Ouangani,0,5,60,120.0,5.0,0.0,0,1,,1,BAC GENERAL MEDECIN,1,Shimaor√©,0,0,j'aime pas les fraction,c'est bien mais parfois difficile 
14.0,Coll√®ge de Ouangani,Quatri√®me,Commune de Ouangani,660,10;9;8;7;6;5;4;3;2;1;ving douze,60,,,1.0,0,1,bien amigo                                                ,en france et la belgyque,mai prog√®s pour mon bac ses de  faire une emtriprisses porno,mavouzie,Chinois,je suis nai en belgyque,oui je reguarde des poire,nuculaire,comment detruire le monde
15.0,Coll√®ge de Ouangani,Quatri√®me,Commune de Ouangani,60,7,60,45.0,7.0,0.0,0,1,college de ouangani,1,bac general infirmiere,1,Shimaor√©,0,1,je n'aime pas les expressions litteral,c'est tres difficile
14.0,Coll√®ge de Ouangani,Quatri√®me,Commune de Ouangani,120,10,60,120.0,10.0,1.0,1,1,,1,etre s√©curite ,1,Fran√ßais,1,0,les fraction,oui
13.0,Coll√®ge de Ouangani,Quatri√®me,Commune de Ouangani,120,4,120,120.0,5.0,0.0,0,1,college de ouangani,0,pompier,0,Shimaor√©,1,0,oui je l'aime,.
14.0,Coll√®ge de Ouangani,Quatri√®me,Commune de Ouangani,0,7,60,60.0,7.0,0.0,0,1,college de ouangani,0,je ne c' est pas,0,Shimaor√©,0,0,th√©or√®me de phytagore,difficile
13.0,Coll√®ge de Ouangani,Quatri√®me,Commune de Ouangani,120,10,420,300.0,10.0,0.0,0,1,NON,,NON,mayot,,0,1,OUI,NON
14.0,Coll√®ge de Ouangani,Quatri√®me,Commune de Ouangani,5,3,25,60.0,5.0,1.0,0,0,Coll√®ge de ouangani,0,Je vais continuer mais √©tude ,0,malgache francais mahoraise,1,1,Un peux beaucoup.,C'est trop dure pour expliquer maintenant.
14.0,Coll√®ge de Ouangani,Quatri√®me,Commune de Ouangani,10,5,40,50.0,4.0,1.0,0,0,coll√©gede ouangani,0,je sais pas,0,Shimaor√©,0,0,rien,math√©matique je aime bien
14.0,Coll√®ge de Ouangani,Quatri√®me,Commune de Ouangani,0,1,60,60.0,1.0,1.0,0,1,coll√®ge de Ouangani,1,maitre chien,0,malgache et shimaore,1,1,j'aime pas car je comprend rien,"j'aime pas les maths , le physique chimie car je comprend rien et les autres j'aime bien"
13.0,Coll√®ge de Ouangani,Quatri√®me,Commune de Ouangani,120,5,60,240.0,5.0,1.0,0,1,,0,bac prod,1,Shimaor√©,1,1,c'est difficile mais je ne comprend pas ,oui
15.0,Coll√®ge de Ouangani,Quatri√®me,Commune de Ouangani,0,5,60,120.0,4.0,0.0,0,1,,1,BAC PRO POMPIER,1,Shimaor√©,0,0,les clcul,l'histoire
17.0,Lyc√©e de Demb√©ni,Premi√®re,Commune de Mamoudzou,120,7;5,120,120.0,7.0,0.0,0,0,Coll√®ge de passamainty ,1,Etude sup√©rieur ,1,Shimaor√©,1,0,La r√©ciproque du th√©or√®me de Pythagore car il ya des choses qui doivent √™tre r√©ciproque afin que sa marche. ,Le monde a besoin des maths car partout il y les maths  .
17.0,Lyc√©e Younoussa Bamana,P18STI2D,Commune de Mamoudzou,300,6,300,180.0,6.0,0.0,0,1,Coll√®ge koungou,1,universit√©,0,Shimaor√©,1,,il mait permet de faire des truc que j'aime, je pas compries
17.0,Lyc√©e des Lumi√®res,Terminale STMG,Commune de Mamoudzou,0,9,120,240.0,8.0,0.0,0,0,Coll√®ge kaw√©ni 2,1,Faire 3ans d'√©tudes en BTS comptable. Bac technologie Gestion Finance,0,Fran√ßais,1,1,Les suites je l'aime ,expression
